Bigram,spanish,portugese
äc,1,2
$1,8,10
* ,2,1
ō ,2,2
zh,20,25
jé,445,12
ml,17,26
–c,4,1
​e,3,4
rn,5130,5204
#r,1,2
x³,1,2
āp,2,1
#),2,1
2-,8,6
 n,4,7
rö,2,3
“m,5,27
"),7,8
ез,2,1
(m,5,13
/1,1,3
ég,95,193
éi,1696,258
‘p,2,1
dā,1,2
cy,119,83
«p,28,1
n6,2,2
60,68,68
hv,215,2
vd,14,12
o“,1,2
¿с,2,1
–h,2,1
² ,2,3
»h,4,1
ht,34,48
t/,2,1
oa,420,7022
-e,42,182
# ,1,3
sü,1,2
ça,9,12377
6),4,5
°f,1,4
 θ,1,2
"“,5,62
ng,15054,12111
às,1,1854
át,1195,1309
++,4,6
12,108,102
on,79658,58469
l¿,2,1
h0,1,33
6",1,2
rw,30,14
έλ,1,2
99,91,56
iʻ,3,1
ca,64682,66736
 ×,2,1
`),1,2
«r,2,1
sè,1,2
ης,1,2
y:,4,3
5",3,1
gd,39,18
y",20,17
úh,29,1
​c,2,1
we,174,131
ph,93,135
uk,121,74
o ,280598,391400
'o,4,13
6k,1,2
vj,1,2
h6,2,3
-',1,4
ка,1,2
ил,1,7
qo,2,1
el,104912,82681
hg,2,3
7p,2,1
lv,5287,2453
»",186,4
yr,13,16
ze,116,19067
+d,2,1
/(,4,2
им,1,3
στ,1,2
ór,365,2585
s',11,18
'e,8,30
68,13,13
$4,4,1
—",2,1
zã,1,456
“é,1,6
ла,1,4
zó,2511,7
»s,11,1
ê',1,3
'p,11,13
 1,1,2
¿w,2,1
ān,2,2
84,11,17
1t,1,2
ik,341,220
ét,579,675
fí,1929,1810
70,50,50
#p,2,1
w/,1,3
ск,1,2
ḥa,2,1
er,149280,129318
dá,470,2107
”;,2,15
n¡,2,1
nf,5090,3939
rŝ,1,2
(4,4,3
ou,340,55990
: ,1,2
mç,1,2
/9,2,1
u/,2,4
…",5,5
ме,1,2
ōc,12,1
 τ,1,2
"v,988,5580
qv,2,1
êb,1,199
dl,157,13
ñi,196,1
 -,2,1
óm,3802,42
óq,26,228
úv,1,329
я ,1,7
_w,1,2
_',1,2
oz,1751,3084
5a,2,1
is,32418,81012
xí,52,289
xx,51,45
zd,1,2
él,14492,308
‘ū,2,1
lh,45,27144
è ,1,7
rr,16965,18018
42,18,18
0g,5,3
ör,3,7
rs,8891,3828
»d,5,1
i ,26135,42002
fd,2,4
td,2,5
ον,1,2
n¿,4,1
x8,2,2
d7,3,3
3ª,1,3
kb,2,5
εx,1,2
uç,1,1190
»y,2,1
«k,2,1
–v,2,1
—c,10,1
0ª,1,2
l-,60,92
ər,2,1
 s,1,11
én,5385,146
¡o,193,1
ęb,4,3
:v,1,2
b–,3,1
u ,1,7
éñ,69,1
vs,6,8
63,10,11
 t,3,11
že,2,1
  ,1,2
あ→,4,1
zs,9,4
2ª,1,2
 m,116171,125001
áv,126,2765
«¿,258,1
đồ,2,1
¡1,3,1
já,143,5267
– ,29,309
ce,37996,27978
a¡,2,1
ív,49,2500
─c,2,1
şi,2,2
ni,22669,17586
e1,4,6
yx,2,1
ru,6243,5804
[l,2,1
pí,430,321
¿u,276,1
a…,3,3
ь",2,1
“f,1,11
gá,267,294
í;,18,1
vy,8,4
‎n,1,3
“e,7,30
e¡,2,1
сa,2,1
«d,13,4
91,25,34
óy,6,1
be,19369,21828
ä",2,1
mă,1,2
] ,3,5
»m,5,1
@",2,2
09,17,29
× ,2,1
&b,1,2
(q,3,12
m·,1,2
ec,35542,29235
g/,2,4
rã,6,2151
bú,581,121
8),3,4
‘q,1,2
wt,23,29
zí,5,39
ip,3526,2557
ён,1,2
hã,2,3760
«l,29,1
2%,10,7
ój,32,1
må,2,1
05,14,22
c:,2,7
4:,20,25
dâ,1,53
"«,210,2
¿h,1710,1
ká,12,1
gi,4983,6358
'w,1,2
“o,2,20
ás,18466,3255
h1,5,9
ár,1653,5393
b',3,1
ĉo,2,1
á",7,12
iy,27,11
í',3,1
eo,7215,2315
“s,1,27
“q,1,15
□ ,1,4
—d,36,2
j”,1,6
 9,129,115
ić,1,6
ró,4579,2229
aĵ,1,2
“à,1,2
j1,1,2
 a,1,17
ô ,1,360
i/,1,2
ys,50,28
hê,1,13
k”,2,2
 y,25733,275
 —,183,319
5–,1,2
:i,2,1
ua,16702,36427
sú,144,34
π ,3,5
@g,2,1
(^,1,2
eš,1,2
az,6151,16924
ya,7627,185
った,2,1
u¿,2,1
ej,11894,5536
uw,6,3
"3,4,6
'a,13,21
²-,2,1
ə",2,1
«g,5,1
(p,19,29
rõ,1,118
nç,8,6694
uó,96,1
 ñ,34,1
fn,4,12
rç,5,1135
lê,1,2264
^),1,2
"2,2,4
il,17025,16871
l",62,53
-p,46,192
f2,2,2
m²,3,3
ha,52704,35160
τέ,1,2
tê,2,2444
cí,3128,785
ñ ,2,1
3',1,2
ñé,103,1
pd,8,5
s»,11,4
/2,2,6
iõ,1,244
zâ,1,8
—;,4,1
sk,214,131
râ,3,291
ts,150,206
“d,5,15
oh,1471,671
r),11,18
b ,300,429
ő ,2,1
51,13,16
'f,2,5
nõ,1,7
'v,1,16
2 ,1,2
> ,5,6
ñó,347,1
rá,10539,10423
ké,20,24
fc,1,22
ôq,1,40
yw,11,10
êp,1,2
ов,1,3
`s,2,1
bs,995,1206
7-,3,1
ía,35898,1151
o¿,6,1
‘o,1,2
py,11,13
là,1,4
nr,671,414
yú,149,1
k-,4,8
ê",1,10
h₂,1,3
má,15453,2203
ns,14671,21116
eï,2,1
hp,5,9
«b,7,1
pã,1,978
uj,2797,609
 ö,1,3
허신,2,1
)/,3,1
"á,21,25
iâ,1,50
iï,2,2
cẽ,1,3
fx,1,2
ém,290,6758
2),2,4
¿s,1452,1
ен,1,2
n1,2,1
“ĝ,1,3
c ,188,192
)l,2,1
&",2,2
wr,9,5
lf,506,437
e”,4,26
¡d,488,1
c3,2,2
uc,14868,4846
c+,4,6
-g,12,45
íe,272,40
«e,59,3
ºf,4,1
9x,4,6
+i,1,2
e@,2,1
‎",1,3
r¡,2,1
lì,2,1
0℃,2,1
'l,3,4
 ^,2,1
uq,76,285
:m,2,1
if,4406,4496
 ∈,1,2
ań,2,1
 א,2,1
ñá,34,1
-6,2,4
e6,2,2
fâ,1,136
mõ,1,43
:1,3,1
hf,1,2
-√,2,1
”v,1,4
 _,3,4
nv,4019,4394
"₫,2,1
s",228,187
un,76724,19637
'=,1,2
"ĝ,1,2
-¿,45,1
úg,6,26
jí,42,1
a‘,2,1
a2,2,2
67,8,13
lã,1,410
 ĉ,1,4
aŭ,1,3
ná,258,1125
9h,1,16
h2,7,6
b",5,7
92,42,51
 €,3,3
1),7,9
ép,217,266
2²,1,2
 ω,1,2
mô,1,137
nt,92087,97923
¡c,493,1
 à,2,7719
@ ,2,1
y ,2,1
hj,10,8
-y,6,1
gg,29,19
çá,1,42
”j,1,2
3m,1,2
k ,386,361
fó,245,151
ów,2,1
= ,3,24
dn,82,52
y¿,2,1
σο,1,2
"c,3566,2461
cõ,1,24
ãi,1,3
óh,2,3
ηθ,1,2
as,108652,101255
56,21,21
¡b,163,1
ér,1664,2331
–a,4,1
cú,174,60
 ß,4,4
​t,1,2
s;,225,332
¡á,9,1
[я,1,7
(i,13,20
еn,1,2
or,77555,90591
οτ,1,2
a​,3,1
š ,1,2
ß ,1,3
 k,971,488
( ,10,2
eń,2,1
yo,9275,270
dd,22,20
¿y,685,1
hō,2,1
ss,178,66502
êv,1,5
ê:,1,3
ać,2,1
áy,23,1
wh,74,132
tt,204,174
ov,4187,10526
ņš,1,2
xã,1,165
tí,2583,1409
qa,10,9
bâ,1,12
eb,11422,6173
f",2,4
ll,39966,453
α ,1,2
zú,244,1
f6,2,2
85,21,20
gê,1,762
ς ,1,2
sl,827,644
90,72,81
0",5,1
но,1,2
kí,29,1
xv,28,46
ót,225,573
mw,4,5
tü,2,1
qw,2,1
 8,129,163
hí,1277,16
éa,139,6
ül,5,4
éy,3,1
lb,340,159
2d,2,1
x0,1,2
üm,3,1
 ŭ,1,2
‎e,2,4
wl,5,6
ña,7882,1
r&,1,2
);,2,17
)',2,1
nm,1797,4
π",2,2
ди,1,3
3+,1,2
 i,1,3
‘h,2,1
21,49,61
ku,223,96
gó,1297,252
ōk,2,1
ge,7144,9495
mã,1,6168
mg,1,2
35,29,31
 2,1,2
lâ,1,360
h:,1,2
​d,3,2
jú,31,166
—y,4,1
xo,154,2411
vl,9,11
βο,1,2
 ♗,1,2
tu,21920,17629
bp,3,2
9 ,1,2
du,8122,6440
eô,1,7
 °,2,8
gí,658,184
e/,3,15
0m,1,4
pr,36538,48397
！v,1,2
g8,1,2
+a,2,2
 5,318,317
 l,140576,33407
dí,7399,404
− ,1,4
ου,1,3
ĉu,1,2
-l,26,5068
ès,2,1
5k,2,2
(r,4,7
(s,11,20
од,1,3
á',1,2
ãh,1,2
 n,68453,105949
(y,10,1
üe,362,6
mt,20,7
 ô,1,838
75,17,23
lw,4,2
jf,2,2
 ø,1,2
¡¡,20,1
0/,2,1
ih,33,16
uã,1,157
pm,8,5
rq,2777,2442
fu,13148,5302
-d,30,306
qb,3,2
pb,4,4
o4,2,1
(t,6,12
èv,2,2
"5,2,5
ee,3522,1209
fã,1,93
ôo,1,9
ãz,1,28
qe,1,2
ef,3038,4112
pè,1,4
sā,1,3
ve,35426,51608
íç,1,83
ök,2,3
câ,1,495
a7,5,6
 $,20,21
$2,2,1
av,10468,27289
a5,3,2
óp,215,1216
dj,54,61
58,12,14
7x,2,1
“ó,1,12
:a,1,2
tz,49,22
ɣ ,2,1
qs,3,2
ud,12296,14069
âo,1,3
zv,2,4
-h,18,88
a:,224,283
(d,7,33
ji,1058,223
ó ,27419,3253
2º,1,2
xa,1059,4713
d¿,2,1
bm,26,78
čk,2,1
ho,24625,46914
-á,1,29
cô,1,129
-ο,1,2
1",1,2
s/,3,14
¹7,1,2
ds,51,69
ag,9553,12312
n),6,5
pg,1,2
-q,9,27
41,16,18
—o,3,1
pl,8562,5671
"ε,1,4
 =,1,3
lk,24,12
su,29491,16571
g1,3,4
aj,11137,4963
¡g,97,1
(¨,1,2
10,314,335
ot,13697,7793
sq,961,2755
f1,4,5
âl,3,1
b-,3,3
、何,2,1
zo,4655,897
f-,3,3
96,50,57
x²,2,3
cb,2,5
éh,1,2
áñ,19,1
rt,24402,24196
yn,27,27
:7,1,2
сe,2,1
(2,10,11
-2,6,23
úa,205,1
yg,2,5
z-,2,160
os,128713,123154
₂o,1,3
 d,160094,179122
bê,1,580
(u,8,7
jə,2,1
гд,2,1
jâ,1,2
ol,24764,22149
μm,2,1
9:,10,5
"ŝ,2,2
(9,2,1
"@,2,1
üê,1,5
n–,3,1
éf,681,40
d4,4,4
/8,1,3
3²,2,1
‎p,1,2
“j,2,6
ja,15162,10429
'b,2,2
dõ,1,17
8$,2,1
i;,5,25
"í,3,2
ς",1,2
ão,26,97357
sb,367,179
fe,8777,16457
5%,21,22
―¿,2,1
df,5,3
l ,1,2
í»,4,1
u:,2,179
”),1,9
hm,28,32
ν ,1,3
ar,129318,142940
;d,1,2
^ ,2,1
o],2,2
y),5,4
"â,1,12
lç,1,279
eç,2,6061
nk,79,66
 v,1,4
nb,17,17
sł,3,2
”p,1,2
 è,2,3
@e,3,1
 ç,2,1
væ,2,1
w",1,2
19,382,438
íx,2,3
0-,5,8
-ã,1,12
t*,2,1
äm,1,2
gn,1376,1226
ã”,1,3
áq,238,271
/p,2,2
öh,2,2
zə,2,1
11,70,102
-v,11,468
dã,1,670
íl,87,1085
cz,4,8
hä,1,2
kd,2,3
89,22,43
qü,1,8
"',5,24
–m,2,1
jz,2,2
´),1,2
”e,1,10
bw,3,1
gz,17,13
mi,45408,30423
gt,34,33
54,17,20
r0,2,1
d8,5,6
–2,1,2
ú​,2,1
"x,6,7
ć ,1,3
tö,3,1
iz,6335,11418
b),4,4
co,90533,112098
"k,60,51
¡j,65,1
  ,5,3
 ¡,1197,1
na,69563,42024
“v,3,24
ac,39446,24986
hc,6,9
07,14,14
up,4279,4521
my,43,39
mü,5,3
si,43497,21306
8°,1,3
aí,1985,2774
 %,9,1
- ,192,475
ay,15030,633
7/,1,3
zq,297,1
«c,26,3
сi,2,1
32,15,29
fà,2,1
ĝo,1,4
sá,575,1696
 5,1,3
úo,13,3
‎v,1,2
aq,6063,10963
iá,206,502
rd,14542,12204
¿¿,2,1
¿r,162,1
di,47430,46840
óc,163,678
  ,3,1
“¡,4,1
14,84,146
r;,57,111
áe,68,1
gé,197,206
71,9,17
¨ ,3,1
–¡,9,1
3s,1,2
¡v,410,1
sõ,1,321
 â,1,92
¿é,115,1
¡k,3,1
​ ,10,1
cã,1,590
1-,2,4
 ₪,2,1
b1,3,2
i»,4,2
—b,2,1
h»,2,1
lõ,1,25
oó,1,39
xy,18,19
ói,7,367
xt,2307,1304
ią,1,2
wö,2,2
z:,9,27
ρι,1,2
1;,2,2
[",1,2
lc,1561,801
“¿,3,1
0x,4,4
'マ,2,1
jo,16927,8000
¡n,1096,1
e​,1,2
95,54,56
'r,6,3
: ,1352,1916
57,9,12
uš,1,2
/c,2,6
¡f,103,1
аm,1,2
/7,2,2
eс,2,1
ug,4097,3378
ît,2,1
c",5,7
№ ,2,1
(“,1,8
4%,9,3
ća,2,1
-i,23,68
s(,1,5
 ‒,1,2
mb,12033,7371
d”,5,2
 w,406,400
“-,1,15
yō,4,1
υς,1,2
dv,223,460
9(,1,2
oo,495,1035
e",111,174
º ,8,43
út,671,415
jp,3,1
<<,4,3
'',24,116
pë,2,1
sv,152,156
b8,4,5
v",2,3
6/,1,2
ño,10948,2
t),3,6
6-,4,8
1º,1,14
∈ ,1,2
ób,91,146
iq,884,1716
to,103952,136845
kö,1,3
h',1,4
jà,1,3
—u,2,1
«i,3,3
ím,684,831
-",16,2
nã,3,57425
bē,1,2
"m,3529,2434
8",1,2
s#,2,1
rü,5,1
pä,2,2
 ĵ,1,2
¿p,5526,1
ók,5,2
—s,20,2
kh,21,15
o”,12,43
nâ,1,36
ел,1,2
ám,937,42
 π,5,7
g7,4,3
zg,175,4
lj,3,7
ße,1,4
ã;,1,15
ye,3504,33
hb,3,8
ôr,2,155
–e,4,1
€",2,1
¡h,297,1
ïl,3,1
fs,6,3
e-,75,2518
gj,1,2
oy,13796,58
a-,82,3245
ea,10797,4572
uê,1,1393
⁰¹,1,2
;",2,9
h",16,12
ś ,2,1
"4,2,1
r“,1,2
ae,1761,662
"d,2609,2717
…f,1,2
úd,155,437
ły,2,3
á:,4,5
n’,2,1
r—,3,3
 {,1,2
xó,25,13
"ä,2,1
à ,1,2
sy,21,17
 ע,2,1
kó,2,2
ic,33114,27160
uu,73,14
'q,3,2
"―,2,1
èg,1,2
zu,616,491
¿a,1790,1
sw,20,19
"ţ,2,1
ep,5713,4957
lá,2093,3428
ăe,1,2
-u,16,12
ã:,1,5
f5,3,3
da,59127,75336
m”,1,3
fi,10720,21577
(",5,5
vu,2160,185
éb,151,24
mv,2,4
kr,15,19
(c,14,35
"o,393,7418
xé,2,128
ła,3,2
4),4,6
cd,87,65
¿g,32,1
 u,57528,52205
aß,1,4
”c,1,2
 s,117316,116538
─e,2,1
vá,268,1771
$ ,14,46
9),6,7
pi,15935,8047
oq,550,618
yt,9,7
cs,29,13
ú',2,1
mx,1,3
'+,1,3
θα,1,2
ól,2101,848
/f,2,1
»p,7,1
lú,62,99
mâ,1,118
tr,45991,38487
at,19881,23671
bg,2,3
é—,2,1
:",5,19
«u,3,1
'),1,4
7",1,2
dw,89,21
/o,1,3
 o,22667,86272
46,10,15
ob,11534,11174
úr,141,153
u;,2,38
nă,1,2
aã,1,137
xá,66,90
an,94542,83979
ib,11143,2881
úb,427,364
e7,3,3
ú ,1785,31
36,11,21
dh,32,11
8o,1,2
s-,23,358
"i,318,1112
-o,10,730
n;,56,4
2o,3,3
[r,1,2
n ,161169,2227
êe,1,8
e;,108,180
fü,1,2
"…,2,2
gǀ,2,1
l+,2,2
ko,408,252
á”,2,1
eh,356,19
tb,398,9
f),2,3
xê,1,2
aô,1,4
1%,4,6
 =,3,14
a3,4,4
7 ,116,131
e—,3,2
f ,99,103
o ,5,41
dü,2,2
¿c,5891,1
«¡,102,1
xl,4,1
0w,2,1
g-,13,9
t&,2,2
xi,3009,3600
аs,2,1
(0,2,3
 *,2,1
​p,1,6
l;,36,46
k2,3,3
uā,1,2
ĝa,1,3
 «,469,11
uv,3774,3870
» ,424,5
 >,2,5
 (,189,407
5-,2,3
o’,2,3
úx,1,6
(1,14,26
 g,23884,23212
5ª,2,1
wm,2,3
r ,3,8
 ―,4,1
pc,664,273
nc,27200,25568
uo,551,559
ód,380,234
-é,2,2
nè,2,1
—e,25,5
ën,3,2
éd,863,1675
a–,11,1
 0,44,44
0º,8,12
:2,3,1
言っ,2,1
ví,2743,612
…e,1,2
wé,1,2
áp,1338,1123
áf,473,331
─¿,5,1
“y,3,1
'h,4,3
a(,2,1
œu,2,1
fg,9,4
ga,22754,23196
xh,85,1
i",22,60
 c,4,15
 ĥ,1,2
×',1,2
qu,109271,134501
dq,95,101
dū,1,3
fy,3,10
1n,2,1
oî,2,1
¹³,1,2
"0,1,3
çã,2,10044
g ,245,219
ql,1,2
ê ,3,34298
ôl,1,57
:q,1,2
íq,123,83
²⁰,1,2
»n,15,1
88,35,43
rа,1,2
лс,1,2
éo,5,10
iê,3,884
àq,1,90
 q,80744,96426
ió,25312,100
wü,3,1
um,6214,61527
` ,2,1
vô,1,393
iñ,3301,1
"b,530,523
m³,1,4
mé,1617,1852
pá,1403,956
´é,1,2
3-,4,5
kc,18,3
»j,2,1
eş,2,2
-),2,1
2n,1,2
の？,2,1
/4,1,2
b;,2,3
nā,1,5
ah,4761,221
d',14,105
-m,70,3662
3·,2,2
→а,4,1
sr,301,470
o6,1,2
»é,6,1
nu,12370,8458
(8,2,3
ån,2,1
lo,73274,21842
 f,2,8
o),27,60
76,13,24
sj,7,10
0p,2,1
óv,462,283
’á,1,7
õ ,1,3
z–,2,1
aż,1,2
¿4,3,1
pn,15,77
je,8814,5558
ij,6097,1093
cê,1,44806
f9,1,2
81,12,19
lr,359,17
'¿,7,1
'á,1,93
ãa,1,2
võ,2,16
5},1,2
 ♘,3,4
-8,1,6
hó,450,80
jó,1451,21
au,5631,6234
8-,3,4
dô,2,37
e–,3,1
ch,28183,22840
hl,13,16
u ,19762,116054
jã,1,56
èl,2,1
ša,2,2
"é,1669,1009
úl,1406,1148
¡é,41,1
´ ,2,1
lt,7401,8225
gü,475,5
3:,3,7
/y,3,1
—h,3,1
ĵo,1,2
úy,8,1
zę,3,1
x9,2,3
fo,5324,20029
 r,31860,29104
õe,1,3844
rl,7075,478
°c,4,11
sù,1,2
ñe,664,2
eú,29,84
uŝ,2,1
k',3,2
óf,116,35
zõ,1,79
m»,3,1
m',1,5
65,29,26
6h,3,15
'×,1,2
cá,1562,515
év,110,45
ty,82,78
2s,2,1
fé,966,1568
áj,415,3
än,2,1
(x,2,3
ês,2,13687
'&,2,3
;p,1,2
θ ,1,2
i6,2,2
tl,218,140
“p,4,35
a！,1,2
1x,1,3
8 ,144,181
“u,1,11
s’,5,1
żd,1,2
y;,9,4
-j,5,10
s¿,8,1
 ",2752,3671
xú,1,6
p",8,4
če,2,1
á ,18052,35359
/l,5,1
zi,133,4486
"г,2,1
(o,9,43
’;,1,2
zw,11,8
ęs,3,1
x1,6,9
¿j,49,1
cl,5218,3574
íc,2598,3576
o",338,329
db,6,13
ǔ ,2,1
oë,3,3
l»,4,1
"h,1925,760
p),2,3
¿n,1609,1
74,15,15
oi,766,20536
ra,111096,128223
m:,3,114
ús,1508,1395
5),9,10
»u,3,1
dа,2,1
ıl,1,2
1 ,122,173
¿l,950,1
7%,8,2
íp,139,344
дь,2,1
wu,3,4
39,19,21
í:,17,3
êx,1,46
nj,1403,839
e+,2,3
rî,1,2
-7,2,1
';,3,4
r»,4,1
？v,1,2
nx,2,184
ė ,2,1
 /,15,2534
i+,2,1
¿i,51,1
";,8,8
bt,312,208
tô,1,268
53,11,13
ux,70,662
 º,9,2
”a,1,5
r',5,8
"ö,1,4
áa,2,2
íb,383,194
hā,1,2
 ó,223,1103
με,1,2
"¡,1985,1
cq,8,8
km,22,18
02,37,56
 `,5,1
l3,1,2
tg,6,4
y ,49837,4955
 i,29630,46630
[t,2,1
c-,6,5
8;,2,2
¡a,580,1
cc,3505,54
\\,1,3
põ,1,268
pf,6,11
ú",6,1
× ,1,2
«n,75,1
«m,23,1
¡¿,30,1
bj,375,453
8%,9,7
óx,603,982
z ,6250,11055
dk,17,6
ĉi,1,8
dì,1,2
jê,1,3
"l,5882,532
 :,5,1
ky,100,90
ë ,1,2
śk,2,1
lu,8865,6901
xī,2,1
mp,25996,24167
 –,52,319
dù,2,1
/h,7,6
o;,240,401
d¡,2,1
êm,1,1982
47,16,17
ó—,5,1
xc,803,670
 β,1,2
cj,3,4
d+,2,1
kv,1,2
ig,15066,17197
ft,91,77
gä,2,1
n”,4,17
m¡,2,1
ué,14529,4126
lq,999,981
xe,58,2967
ê;,1,8
"ó,2,55
61,13,16
sé,4033,1254
 @,2,2
0),8,8
ií,5,6
p:,4,3
l),10,20
-f,14,612
？',2,1
а],1,3
mf,2,2
rm,16865,12325
hw,7,16
 e,3,22
0h,6,16
mó,1512,416
:n,1,2
עַ,2,1
27,26,35
cr,12082,11494
r-,18,1847
wn,70,96
¿",4,1
29,15,24
bq,2,1
mê,1,630
r7,3,1
oé,41,69
a),33,77
o？,1,2
¨),1,2
ь],1,2
öd,4,3
'",9,21
/m,2,4
ồn,2,1
―¡,3,1
 d,4,16
ɣe,2,1
—n,13,1
rv,2310,3593
⨯b,1,2
"s,6070,5147
° ,2,1
¿t,2996,1
xw,2,2
d’,1,8
iǎ,9,1
'c,5,12
​h,2,1
oí,1260,169
ισ,1,2
á ,1,3
úp,379,324
ос,1,2
9",3,1
"─,4,1
8+,1,2
 7,125,129
“i,5,7
po,51635,62959
ác,1617,1231
0:,11,6
:¿,2,1
 /,1,2
 f,35301,84254
ōu,2,1
+9,1,2
dy,83,54
ád,37,317
–n,7,1
s$,1,7
d»,2,1
マリ,2,1
97,56,59
kl,39,21
5x,2,1
p-,5,3
ор,1,3
wa,294,244
me,68000,84432
pê,1,73
c1,4,5
e:,116,374
i ,1,7
oc,21556,51995
sn,240,170
b5,3,3
úñ,7,1
 é,2,2
1h,2,4
z’,2,1
= ,1,3
¡i,56,1
6:,10,16
le,57360,53934
zō,1,2
cœ,2,1
d),1,6
ad,73093,63221
pq,1,3
4h,1,14
2:,72,89
hu,4156,3824
a»,23,2
‘a,3,1
0s,2,1
í),2,1
õs,1,2
'_,1,2
'-,1,4
)t,1,3
ío,2707,166
fô,1,93
"t,5878,6354
jø,1,2
o¡,4,1
/b,1,3
“r,1,6
d/,4,3
i:,4,31
; ,1,2
o–,7,1
b2,3,2
​s,2,3
–p,6,1
"ê,1,3
hk,6,4
ră,1,2
4/,1,2
éj,462,3
hq,2,3
(`,1,2
 #,2,5
“c,8,6
#2,2,1
fa,9342,34669
z",16,9
ao,392,8431
/a,7,4
0$,5,1
ür,4,2
“ ,1,2
/w,2,2
 –,1,2
4g,1,4
8x,2,2
38,10,13
—q,3,1
b:,3,1
7@,2,1
-k,6,6
♗b,3,3
jr,6,3
mú,1172,1155
c6,4,6
tv,49,262
ós,508,7613
c7,2,2
 j,10410,15765
»«,5,1
dt,12,7
/ ,1,2
3/,1,3
í’,3,1
áo,2,1
–5,1,2
-;,1,2
…v,1,2
“g,3,6
？e,1,2
/s,1,7
s–,3,1
« ,3,1
gh,52,26
eé,144,2
+2,2,1
 ü,2,1
ἀρ,1,2
ŭi,1,3
x5,2,1
(#,2,1
zn,64,3
ŝi,1,3
ws,21,32
x7,2,1
aš,2,1
03,16,41
ct,8482,768
óa,2,3
'j,1,3
r–,2,1
0€,2,1
u),2,3
cm,14,11
($,1,3
nº,2,8
—p,23,2
zé,3,63
rp,1781,1522
od,22141,22013
k),2,3
ôn,1,1499
üh,1,2
ˈs,2,1
ùt,2,1
fá,1243,1082
ta,101707,92341
82,13,16
–¿,5,1
1+,1,2
ל ,3,1
z”,1,2
êr,1,4
cv,4,2
rj,271,69
ág,678,2367
“l,3,9
45,33,42
o\,1,2
íz,93,106
s:,335,363
37,9,20
í-,1,23
zb,10,7
"6,1,2
μ ,5,1
"ˈ,2,1
eñ,4302,2
zy,7,5
pz,3,2
lö,1,2
hn,688,502
aç,2,11587
sç,1,30
em,32756,90388
bv,147,157
»a,3,1
/0,1,2
iù,1,2
$7,1,2
/n,1,2
ly,124,110
o-,72,1656
mí,3534,1214
še,2,1
új,33,1
94,35,58
тe,2,1
có,4627,630
15,111,161
x ,106,111
js,2,3
7ª,1,2
--,12,15
ka,658,419
g:,2,1
9 ,97,111
4·,2,2
+',1,3
l',4,7
ín,1806,2817
)v,1,2
iw,31,16
mq,2,2
"q,857,3756
«t,33,1
êu,1,17
де,2,1
3x,2,3
wf,2,4
e),8,24
i),2,6
”y,1,2
¡u,88,1
 l,2,2
(-,1,2
l—,2,2
ei,2399,51198
zá,363,38
—¡,36,1
s¡,2,1
zc,1311,7
80,68,61
gô,1,7
la,134752,52323
mm,90,67
¿f,85,1
ái,980,9
>j,2,1
"¨,2,1
“ŝ,1,2
ti,45736,34670
n—,5,1
ée,50,1
 г,1,3
gâ,1,62
ló,1868,900
ñí,336,1
rę,4,3
δh,1,3
j",5,3
r:,54,95
♘c,3,3
ア、,2,1
–4,1,2
οη,1,2
o7,2,1
t+,3,2
gc,3,1
i-,22,1062
r$,14,32
āk,1,2
"j,282,609
»r,2,1
cp,3,10
z»,2,1
 p,2,10
-ω,1,2
d1,4,6
ú:,1,8
1°,1,2
\",1,3
) ,115,219
m ,22524,169194
ek,89,24
nn,798,321
“ê,1,2
ēr,1,2
in,49690,66439
ál,1866,1564
rô,1,301
‎i,1,2
b6,4,4
:t,2,1
xq,28,1
qr,1,5
vâ,1,16
g),3,3
áx,88,402
rz,1222,69
pο,1,2
6d,1,2
re,96502,94308
20,408,693
s),31,78
áu,31,112
̉¿,2,1
4",4,2
¨n,2,1
"&,2,2
'/,1,2
>>,4,2
uá,4357,139
s ,7,16
ḥl,2,1
9p,2,1
eĺ,2,1
yz,5,4
ūd,2,1
oç,1,1180
–9,2,1
é ,2,2
 đ,2,1
$8,1,2
¡y,178,1
-c,37,417
tc,70,152
íñ,6,1
ny,157,113
ry,8135,6331
ul,9658,12496
of,3239,3931
't,8,9
 h,66344,18159
a;,195,321
ên,3,4172
ma,61376,94856
 u,1,2
d",32,9
+0,2,2
(g,5,10
ãe,2,2137
e',8,11
«j,2,1
o:,344,363
n],1,2
ld,1441,1111
rê,3,2494
&',2,3
–s,7,1
ün,2,1
ôs,1,329
bu,8508,2638
šo,1,2
no,94431,46754
s​,1,2
 +,12,7
dé,1942,259
'7,3,1
ék,1,2
—v,5,1
-3,4,6
g4,4,5
rh,32,4
ue,129774,108020
ui,26762,34265
vo,18073,65223
tw,97,87
 ‘,12,4
9º,1,5
nĝ,1,4
 ÷,2,1
aa,99,238
8:,19,7
e ,6,12
a8,4,3
6ª,1,2
zr,4,1
wi,287,151
c/,2,1
-z,4,7
xp,2042,2114
é",8,4
bä,1,4
{1,1,2
dê,1,1299
o@,2,1
mr,12,6
éq,5,12
pt,1839,510
–d,6,1
"[,1,2
mä,1,2
li,26711,25206
dc,11,38
'¡,2,1
ō",2,1
mǐ,2,1
iĝ,1,2
êl,1,2
iu,1676,6657
yj,2,3
`t,2,1
y—,2,1
☭ ,2,1
bk,3,2
"f,377,1174
»e,25,1
zô,1,25
am,39725,61640
73,9,8
gu,27853,26856
¿b,48,1
hö,2,1
n-,16,19
m",25,56
1',3,1
hâ,1,2
h7,1,2
 h,1,2
e2,2,3
gl,3210,2245
 &,3,3
á;,9,9
 j,1,2
x',1,3
-‘,2,1
₫",2,1
=',1,2
ri,37093,58393
 з,1,2
êh,1,2
gf,3,2
нн,1,2
8a,2,1
rb,1800,1028
zt,63,4
jb,25,11
ú»,2,1
 √,2,1
_e,1,2
98,66,58
aś,2,1
á»,2,1
fm,2,7
 z,1405,854
bo,10260,15027
‘s,6,1
 ŝ,1,2
b7,3,3
2p,2,1
éc,542,775
0%,48,52
4+,2,1
79,10,15
zê,1,306
(+,3,1
신»,2,1
'”,1,2
(k,4,4
o«,2,1
(=,1,11
y-,6,4
sz,9,11
xm,6,1
wy,1,6
’ ,10,3
¨e,2,1
e(,2,6
00,811,821
__,12,1
pu,22953,3659
gv,3,2
3º,1,3
uf,1312,764
¿m,891,1
 g,1,2
 t,103134,110726
 v,50058,74205
a”,7,41
bd,78,65
2x,2,4
26,28,36
55,8,15
”f,1,2
/',1,2
"ú,29,4
мя,1,2
kn,5,4
wo,36,39
-“,1,2
v/,1,2
af,3142,3087
'u,4,1
ãt,1,2
 №,2,1
é ,24192,46900
+8,1,2
aú,1083,415
pa,53577,59402
go,22022,29909
"à,1,182
”u,1,2
us,24453,17512
ré,6068,878
gw,9,5
·2,2,2
אַ,2,1
1:,7,8
mc,24,27
"p,3800,4987
ãs,1,526
 [,5,10
p3,11,11
аc,1,2
bó,621,66
iņ,1,2
hs,5,12
x-,29,72
16,68,101
np,11,15
 ¨,3,1
xd,2,2
3%,4,3
(´,1,2
s9,1,2
vi,31099,27858
(¿,3,1
e5,10,10
gú,1741,18
rè,2,2
‎a,1,2
4o,2,1
₂ ,2,2
​n,2,1
04,15,19
22,38,69
+3,4,2
pk,3,4
hz,1,3
bx,1,2
u»,2,1
lô,2,262
»c,6,1
—i,3,1
59,8,12
¡p,502,1
d:,16,1
 ê,1,42
âg,1,3
9%,5,3
リア,2,1
зд,2,1
lg,8890,8792
–q,2,1
[i,1,2
ōe,2,1
gö,1,3
(',1,3
-ó,1,2
”o,1,6
r¿,4,1
hi,11128,3106
ас,1,2
//,6,3
z),2,6
vt,6,1
yd,13,12
uñ,512,1
(a,11,40
nq,1237,1655
-4,4,4
’»,2,1
 b,1,2
το,1,3
hd,4,22
"π,2,2
tk,1,3
¿z,3,1
f4,3,3
íj,37,1
":,6,4
ln,59,42
ke,624,423
t”,6,7
»i,2,1
e ,331592,325405
ær,2,1
r”,2,12
ur,15289,13961
”s,1,2
xâ,1,2
υμ,1,2
 <,6,6
ôp,1,3
hú,153,118
-5,4,8
y',5,4
ñu,76,1
r],2,1
"<,1,2
ć",1,2
'g,5,3
30,269,390
て言,2,1
(7,1,2
pe,41463,46410
$3,8,4
"",11005,14563
¡9,2,1
ní,2844,596
yb,6,5
”d,1,3
mo,44036,51014
–r,3,1
…),3,3
8º,2,3
a¿,4,1
‘b,2,2
et,13822,14262
h4,2,11
sp,15736,14133
ck,408,339
óg,418,786
 á,1572,3285
cç,1,112
üc,2,1
ū",1,3
—l,7,1
añ,11899,2
gõ,1,18
á),1,5
"­,2,1
kê,1,6
n ,2,1
çe,1,4
-¡,6,1
nh,166,45731
¿d,2513,1
eâ,1,5
e4,8,9
u-,12,1632
aé,70,35
àn,2,2
gs,21,21
mk,3,8
13,65,160
iè,4,13
vê,1,1091
b—,9,1
¨¿,2,1
eí,1576,129
bb,61,76
»z,2,1
 δ,1,3
cu,34422,14026
vn,42,37
ié,4993,61
bi,18000,6943
"n,5450,6337
" ,756,811
cg,3,2
¡q,979,1
86,20,27
"€,2,1
üé,16,1
ων,1,2
@t,2,1
s…,3,3
ã ,1,1793
”r,1,2
62,13,18
ẽ ,1,3
rk,309,267
m@,2,1
bc,28,46
yk,2,3
tа,1,2
ãn,2,5
só,3060,3104
ír,1075,691
pü,6,4
tp,12,20
í–,2,1
ôv,1,10
md,2,3
2π,1,7
7s,1,2
gm,100,96
äu,1,4
9-,3,3
oã,5,532
k»,2,1
d;,31,2
úz,5,48
ät,2,2
”n,1,2
01,127,275
oj,3876,4385
a',20,17
c',1,5
¿v,1265,1
h ,285,213
(b,5,3
nö,3,1
r@,1,2
n",88,26
ít,1012,778
ks,105,133
d5,4,4
a—,27,2
öc,1,2
)d,2,1
18,134,194
né,1396,333
"z,21,31
kj,1,2
v ,81,163
—t,3,1
ut,6418,10705
xn,4,1
4 ,169,178
é(,2,1
:0,43,24
]6,1,2
9ª,1,2
#3,1,2
"(,4,2
ub,3902,2781
dr,10206,3080
wá,47,1
ww,8,3
то,1,2
"т,1,2
εl,1,2
gp,8,8
ся,1,2
"¿,5798,1
€ ,3,1
fē,5,1
ó:,73,20
5 ,301,339
ls,1090,962
e3,2,2
ô",1,4
83,15,13
gr,12398,9973
¡ó,3,1
(n,2,16
во,1,3
br,21832,16828
»v,3,1
kf,4,7
ož,2,1
/ ,13,2536
za,11405,5270
ón,23072,78
uí,4880,1510
(h,3,7
5 ,1,3
bô,1,66
ĺ ,2,1
6º,2,1
aá,8,1
λη,1,2
n:,105,5
”q,1,6
ez,9709,10935
0e,2,1
ó-,2,5
k:,3,1
на,1,2
л],1,3
ba,31144,15849
):,1,2
lz,212,36
tx,3,3
èt,2,2
93,31,35
cx,1,3
zm,103,227
se,64400,97165
69,14,24
ük,6,4
0 ,1,2
ap,12733,15290
"–,12,1
77,22,28
=1,2,1
"и,1,3
ĝi,1,6
qd,1,2
sh,639,507
— ,92,336
 ¿,3384,1
-r,12,87
31,18,29
bn,9,10
¿k,12,1
"y,1294,22
7),2,1
ög,1,2
tn,58,81
‎f,1,2
たの,2,1
5g,2,2
 ´,2,2
x;,1,2
cn,279,203
3),3,5
0c,1,2
üb,2,2
té,2872,3259
çó,1,26
nl,315,236
"\,1,2
sm,3861,5583
uâ,1,39
¡e,1079,1
ŝ",2,2
úc,305,331
¿ ,8,1
uh,18,13
c;,2,3
o…,2,4
->,2,1
го,1,3
40,97,104
l5,1,2
án,9351,12
:e,1,2
c8,2,3
é/,1,2
va,18767,35283
< ,1,6
o(,3,7
sc,15102,17220
3",2,2
ai,2301,39767
”t,1,5
p',4,1
es,222854,171530
m ,2,12
yá,52,1
tõ,1,173
"ã,1,2
fõ,1,4
¿q,6507,1
÷ ,2,1
jl,7,1
øi,3,1
n»,8,1
 a,145630,170988
io,27588,26386
я",1,3
a4,1,2
48,18,21
h-,4,3
ax,377,393
’”,1,2
öl,2,5
eɣ,2,1
hõ,1,251
/e,2,22
vó,467,821
ym,11,16
áh,20,1
ro,69739,58823
“n,4,29
-n,26,804
it,20446,40085
f8,2,3
uč,2,1
z(,1,2
lí,4105,3112
 2,759,1165
«a,31,2
e¿,5,1
úe,35,4
gk,3,3
m…,1,2
–l,4,1
î",1,2
2/,2,2
i',1,6
 ',73,119
зе,1,2
“a,5,29
ir,25427,39863
eá,88,24
·1,2,2
2c,4,2
mn,500,35
wd,3,2
gã,1,157
á-,1,2316
ab,50275,21650
l/,1,2
ci,59635,36483
 3,355,401
so,47206,59654
iç,1,2353
5n,3,1
«v,13,1
úm,761,834
tf,3,16
wc,1,8
sê,1,155
a_,1,2
te,107123,123588
fj,2,3
—g,4,1
a6,3,3
v-,3,1
zk,2,6
ку,1,3
dg,22,20
op,6622,4507
s²,1,4
ey,1488,114
hø,3,1
x),1,3
'y,6,1
xu,151,168
fê,1,41
jd,5,6
ăo,1,3
áz,38,6
a>,3,1
nw,3,2
2i,1,3
6 ,125,144
“h,3,3
p ,75,107
«y,25,1
'm,3,10
'i,5,5
kp,4,4
-b,18,77
0k,2,2
9;,2,1
2 ,152,181
bí,4444,190
bá,204,136
uy,7772,20
ú;,2,2
<c,2,2
ìd,1,2
/d,4,1
jô,1,3
‒ ,1,2
r8,1,2
nê,1,623
ŝa,2,1
yp,16,41
+r,2,2
yl,146,522
nd,47706,58522
fr,7752,8506
vã,2,1001
sô,1,27
eu,1563,80585
aw,128,53
êi,1,8
dz,2,4
z ,1,2
rg,4275,5825
—r,11,1
¡w,5,1
ff,57,59
wb,5,4
kg,5,11
 c,136253,143837
eg,18863,16650
… ,4,5
vc,2,4
 m,2,4
​i,2,1
¡t,502,1
“ĉ,1,2
 6,160,158
64,22,25
何て,2,1
7º,1,3
2g,1,2
<a,2,1
cé,2296,854
(3,2,5
oï,2,1
tá,18668,21121
sg,554,328
yv,3,2
ie,77236,4262
ро,1,3
_ ,1,4
9+,1,2
aõ,1,3
a",308,276
ºc,9,6
·k,1,2
fb,14,18
rc,5842,4154
íu,1,2
s”,10,31
lé,2908,800
dó,4661,573
o—,13,3
și,2,1
ǎo,9,1
—m,10,2
’a,1,5
(6,2,2
ôd,1,216
mu,22836,22020
"u,986,799
lp,1475,1464
wk,6,2
 ),8,1
34,15,17
­e,2,1
jõ,1,6
āo,1,9
úf,10,7
 ú,2301,2157
ʻi,3,1
c5,3,2
łg,2,1
dı,1,2
 r,2,3
èr,3,15
aɣ,2,1
m),1,6
oê,1,5
сo,2,1
pç,1,190
ev,12106,16487
»¿,20,1
d ,8667,297
"ἀ,1,2
"ĉ,1,6
tm,175,178
fp,2,1
al,66063,58065
ã-,1,33
2y,2,1
m;,4,69
сь,1,2
5:,9,4
a ,340730,332865
í",23,3
és,8084,1678
7;,3,2
eã,3,255
:4,8,5
ał,3,3
лё,1,2
 ¿,2,1
s—,5,2
çõ,1,2137
​​,9,14
3 ,173,196
уп,1,3
; ,1029,1626
)),1,2
"e,11054,16003
h),2,2
kt,9,5
bh,5,4
g;,2,1
id,37417,32333
«f,2,1
ï ,2,2
à ,2,6132
─n,2,1
a/,5,5
eõ,1,77
пи,1,3
ţe,2,1
a’,4,3
õr,2,1
―s,3,1
há,357,5352
d2,2,2
τe,1,2
52,12,10
8p,1,2
2h,1,55
yu,3394,66
pł,1,2
yā,2,1
οr,1,2
:o,1,3
k;,1,2
”é,1,3
ç ,2,1
u",14,33
öt,2,1
ew,49,62
aș,2,1
"g,323,507
ix,86,6837
"1,6,8
b”,1,3
g',1,2
t»,2,1
ne,39682,17330
é:,28,36
-s,54,4105
jö,4,8
tó,5272,2399
c4,2,2
ìl,2,1
á/,1,2
(f,2,12
 ×,1,2
yé,25,1
ǐn,2,1
о",1,2
yś,2,1
72,15,15
dp,2,8
 o,1,7
de,159068,156629
% ,95,86
n',10,5
x",3,3
üd,2,2
uė,2,1
pô,1,685
íf,527,323
“b,2,9
"w,16,13
 e,221075,173361
mе,1,2
ak,374,230
th,288,341
a？,1,2
b+,2,1
êt,1,2
iß,1,2
pâ,1,72
0–,1,2
"8,1,4
¡ ,3,1
të,1,3
pú,452,343
ân,1,1939
ør,1,3
g3,2,2
)",7,9
':,1,2
ó;,8,5
yh,2,3
 í,134,316
 1,1208,1489
“t,2,19
fú,349,50
o₂,3,2
¡l,294,1
om,63563,104743
p”,1,2
я],1,2
+5,2,2
:-,2,3
√3,3,1
‎q,1,2
r",93,107
 b,28585,31560
og,3857,6368
³ ,1,3
‘d,2,1
nó,1624,6378
üi,55,2
-í,1,38
d6,5,6
€3,1,3
"—,59,16
fl,1908,1972
sd,1530,729
5h,1,11
rí,17941,1961
/q,1,2
'd,8,14
e…,1,3
m-,6,1507
ê-,1,1535
j ,322,21
í ,8514,440
·3,2,2
zp,15,3
âm,1,509
 μ,6,1
​q,1,2
"7,1,3
28,28,40
d-,22,24
87,19,34
0°,3,4
yó,848,1
'n,6,12
st,107387,107231
♘f,3,3
—a,5,2
sâ,1,15
7:,12,6
¿5,4,1
ju,6085,6535
"a,4071,7638
¡í,2,1
 к,1,3
[q,1,2
r(,1,2
hh,17,7
” ,23,83
«허,2,1
h3,1,85
ãq,1,2
rx,10,7
-9,3,2
ù ,1,3
aó,95,161
«o,9,1
à",1,3
>",2,2
c),2,5
zz,208,221
óz,1,3
iô,1,10
do,98965,111794
8–,1,2
 “,47,275
oe,1193,2696
33,21,21
by,72,64
o»,24,2
vg,5,3
qi,7,26
üt,3,3
ã",1,8
' ,36,74
+4,4,1
l”,1,13
l’,1,4
66,7,10
(v,6,7
t ,578,407
 □,1,4
o2,4,2
ki,967,338
pó,1353,811
çú,1,243
0 ,1024,1095
¿¡,8,1
íg,531,244
–g,3,1
1ª,1,6
s ,253170,203261
„s,2,1
he,15995,19456
ַל,3,1
ço,5,5882
«s,56,1
&t,2,2
bé,1309,2048
dú,33,357
pp,92,244
 q,4,8
ms,72,91
lü,4,5
”:,1,2
 é,5877,40667
dm,640,573
¡r,91,2
-0,6,6
3h,1,5
78,10,20
 š,2,1
»t,14,1
08,15,16
oż,2,1
«h,16,1
ow,162,291
ήσ,1,2
w ,32,85
nú,976,925
tâ,1,591
qp,1,2
 ​,9,14
üí,45,2
 „,2,1
bõ,1,4
+ ,11,10
44,15,21
(é,3,3
iā,2,2
ps,254,197
0j,1,2
vp,2,2
"r,329,356
jm,4,1
f',1,3
v),1,5
a⨯,1,2
bã,1,75
1/,2,6
ún,4097,1180
ex,7860,8024
ри,1,3
50,199,200
4-,4,6
f(,1,3
¡s,496,1
àb,2,1
ox,326,553
—¿,25,1
-a,31,514
q ,6,8
ia,31124,60564
eó,627,69
n8,2,1
jn,1,2
z;,11,22
sf,1526,1440
en,189825,104331
tú,2762,347
vé,629,451
y²,2,1
(l,7,1
öz,1,4
uz,1375,2093
’l,2,1
ая,1,2
mz,3,5
eq,2758,2696
θή,1,2
çô,1,2
9°,2,1
hy,35,32
iv,9929,15725
nz,3132,471
4ª,1,2
vh,1,2
íd,1351,1365
k",7,12
»l,12,1
h8,2,3
а»,4,1
yy,6,1
(e,15,35
rú,93,201
 x,167,844
e8,3,4
yǔ,8,1
ô-,1,6
4º,2,1
rf,725,903
é-,1,69
ed,29673,12346
3d,4,3
çi,1,2
 ;,2,1
 ☭,2,1
ó",3,9
a ,4,23
 p,139104,148067
ńs,3,1
'9,2,1
ok,741,600
:3,109,134
o',15,30
)o,1,3
¡m,557,1
t',3,6
43,13,22
u(,1,2
y»,3,1
nő,2,1
ís,3003,2348
zl,117,4
t-,17,28
gy,7,5
2k,2,2
o​,2,1
ii,87,90
i”,3,26
oá,10,122
:/,3,3
cf,4,4
i_,1,2
m2,1,2
iú,5,167
8b,2,1
u”,1,6
ǀw,2,1
«q,9,2
06,17,26
kk,74,29
<e,2,1
t",30,31
& ,3,3
7h,1,12
xf,15,10
f3,6,7
oà,1,2
2;,2,2
s4,1,2
t:,3,1
¿o,264,1
εu,1,3
é;,6,7
а ,1,3
<s,2,1
17,57,80
«ĉ,2,1
sa,49034,61132
 4,226,211
h5,2,1
że,2,1
"-,44,6
oñ,439,1
sã,10,8565
”",4,45
-ú,4,1
/g,1,2
ło,1,2
éx,521,75
"̉,2,1
pō,2,1
2·,2,2
é),1,3
49,20,21
ôm,1,540
's,21,28
25,69,70
nô,1,176
fk,4,2
i¿,2,1
éu,24,860
8h,1,23
k7,1,2
“z,1,2
áb,1022,752
;),2,1
pé,393,1568
 ḥ,3,1
ê ,1,3
¡z,5,1
çu,2,135
«あ,4,1
o/,7,6
l:,18,31
¿e,3577,1
 ─,5,1
-1,34,39
l ,99386,14368
 ĝ,1,5
a1,7,7
bl,16772,2823
-t,27,648
<n,2,1
24,42,41
/t,2,6
ër,2,1
úq,2,5
$5,3,1
vr,4,5338
īn,2,1
lm,3882,6455
s>,3,1
pv,3,2
öf,2,1
²=,2,1
éz,8,2
gb,19,18
-x,1,3
g",6,7
(j,2,2
 -,265,495
»¡,11,1
"ô,1,8
‘m,2,1
23,37,45
xõ,1,32
 −,1,4
tj,3,2
 р,1,3
ēn,5,1
ąt,1,2
d¹,1,2
xō,12,1
rà,2,2
m/,7,9
iã,1,1899
oč,2,1
yc,6,21
yi,52,9
hé,325,43
6%,4,6
―n,2,1
tã,3,8893
mh,8,3
hr,53,59
`n,2,1
im,18747,27960
5º,2,5
sí,3710,1661
r ,93749,116241
7u,2,1
m—,1,2
jt,2,1
e»,7,1
üs,2,1
yí,2,1
ª ,2,12
