Once	ADV	None	['on one occasion', 'as soon as', 'at a previous time']	at a previous time	None	at a previous time	None
a	DET	None	['a metric unit of length equal to one ten billionth of a meter (or 0.0001 micron); used to specify wavelengths of electromagnetic radiation', 'any of several fat-soluble vitamins essential for normal vision; prevents night blindness or inflammation or dryness of the eyes', 'one of the four nucleotides used in building DNA; all four nucleotides have a common phosphate group and a sugar (ribose)', '(biochemistry) purine base found in DNA and RNA; pairs with thymine in DNA and with uracil in RNA', "the basic unit of electric current adopted under the Systeme International d'Unites", 'the 1st letter of the Roman alphabet', 'the blood group whose red cells carry the A antigen']	one of the four nucleotides used in building DNA; all four nucleotides have a common phosphate group and a sugar (ribose)	None	UNK	None
great	ADJ	None	['a person who has achieved distinction and honor in some field', 'relatively large in size or number or extent; larger than others of its kind', 'of major significance or importance', 'remarkable or out of the ordinary in degree or magnitude or effect', 'very good', 'uppercase', 'in an advanced stage of pregnancy']	a person who has achieved distinction and honor in some field	None	relatively large in size or number or extent; larger than others of its kind	None
Pundit	NOUN	None	['someone who has been admitted to membership in a scholarly field']	someone who has been admitted to membership in a scholarly field	None	someone who has been admitted to membership in a scholarly field	None
was	VERB	None	['a state in northwestern United States on the Pacific', 'have the quality of being; (copula, used with an adjective or a predicate noun)', 'be identical to; be someone or something', 'occupy a certain position or area; be somewhere', 'have an existence, be extant', 'happen, occur, take place', 'be identical or equivalent to', 'form or compose', 'work in a specific place, with a specific subject, or in a specific function', 'represent, as of a character on stage', 'spend or use time', 'have life, be alive', 'to remain unmolested, undisturbed, or uninterrupted -- used only in infinitive form', 'be priced at']	work in a specific place, with a specific subject, or in a specific function	None	work in a specific place, with a specific subject, or in a specific function	None
blessed	VERB	None	['give a benediction to', 'confer prosperity or happiness on', 'make the sign of the cross over someone in order to call on God for protection; consecrate', 'render holy by means of religious rites', 'highly favored or fortunate (as e.g. by divine grace)', 'worthy of worship', 'expletives used informally as intensifiers', 'Roman Catholic; proclaimed one of the blessed and thus worthy of veneration', 'enjoying the bliss of heaven', 'characterized by happiness and good fortune']	give a benediction to	None	give a benediction to	None
with	ADP	None	UNK	UNK	None	UNK	None
a	DET	None	['a metric unit of length equal to one ten billionth of a meter (or 0.0001 micron); used to specify wavelengths of electromagnetic radiation', 'any of several fat-soluble vitamins essential for normal vision; prevents night blindness or inflammation or dryness of the eyes', 'one of the four nucleotides used in building DNA; all four nucleotides have a common phosphate group and a sugar (ribose)', '(biochemistry) purine base found in DNA and RNA; pairs with thymine in DNA and with uracil in RNA', "the basic unit of electric current adopted under the Systeme International d'Unites", 'the 1st letter of the Roman alphabet', 'the blood group whose red cells carry the A antigen']	one of the four nucleotides used in building DNA; all four nucleotides have a common phosphate group and a sugar (ribose)	None	UNK	None
son	NOUN	None	['a male human offspring', 'the divine word of God; the second person in the Trinity (incarnate in Jesus)']	a male human offspring	None	a male human offspring	None
in	ADP	None	['a unit of length equal to one twelfth of a foot', 'a rare soft silvery metallic element; occurs in small quantities in sphalerite', 'a state in midwestern United States', 'holding office', 'directed or bound inward', 'currently fashionable', 'to or toward the inside of']	a rare soft silvery metallic element; occurs in small quantities in sphalerite	None	UNK	None
his	PRON	None	UNK	UNK	None	UNK	None
late	ADJ	None	['being or occurring at an advanced period of time or after a usual or expected time', 'after the expected or usual time; delayed', 'of the immediate past or just previous to the present time', 'having died recently', 'of a later stage in the development of a language or literature; used especially of dead languages', 'at or toward an end or late period or stage of development', '(used especially of persons) of the immediate past', 'later than usual or than expected', 'to an advanced time', 'at an advanced age or stage', 'in the recent past']	of a later stage in the development of a language or literature; used especially of dead languages	None	of a later stage in the development of a language or literature; used especially of dead languages	None
year	NOUN	None	['a period of time containing 365 (or 366) days', 'a period of time occupying a regular part of a calendar year that is used for some particular activity', 'the period of time that it takes for a planet (as, e.g., Earth or Mars) to make a complete revolution around the sun', 'a body of students who graduate together']	a period of time occupying a regular part of a calendar year that is used for some particular activity	None	a period of time occupying a regular part of a calendar year that is used for some particular activity	None
He	PRON	None	['a very light colorless element that is one of the six inert gasses; the most difficult gas to liquefy; occurs in economically extractable amounts in certain natural gases (as those found in Texas and Kansas)', 'the 5th letter of the Hebrew alphabet']	a very light colorless element that is one of the six inert gasses; the most difficult gas to liquefy; occurs in economically extractable amounts in certain natural gases (as those found in Texas and Kansas)	None	UNK	None
named	VERB	None	['assign a specified (usually proper) proper name to', 'give the name or identifying characteristics of; refer to by name or some other identifying characteristic property', 'charge with a function; charge to be', 'create and charge with a task or function', 'mention and identify by name', 'make reference to', 'identify as in botany or biology, for example', 'give or make a list of; name individually; give the names of', 'determine or distinguish the nature of a problem or an illness through a diagnostic analysis']	charge with a function; charge to be	None	charge with a function; charge to be	None
him	PRON	None	UNK	UNK	None	UNK	None
Hari	NOUN	None	UNK	UNK	None	UNK	None
.	.	None	UNK	Punctuation	None	Punctuation	None
Now	ADV	None	['the momentary present', 'in the historical present; at this point in the narration of a series of past events', 'in these times; - Nancy Mitford', 'used to preface a command or reproof or request', 'at the present moment', 'without delay or hesitation; with no time intervening', '(prefatory or transitional) indicates a change of subject or activity', 'in the immediate past']	in the historical present; at this point in the narration of a series of past events	None	in the historical present; at this point in the narration of a series of past events	None
,	.	None	UNK	Punctuation	None	Punctuation	None
in	ADP	None	['a unit of length equal to one twelfth of a foot', 'a rare soft silvery metallic element; occurs in small quantities in sphalerite', 'a state in midwestern United States', 'holding office', 'directed or bound inward', 'currently fashionable', 'to or toward the inside of']	a rare soft silvery metallic element; occurs in small quantities in sphalerite	None	UNK	None
Sanskrit	NOUN	None	['(Hinduism) an ancient language of India (the language of the Vedas and of Hinduism); an official language of India although it is now used only for religious purposes']	(Hinduism) an ancient language of India (the language of the Vedas and of Hinduism); an official language of India although it is now used only for religious purposes	None	(Hinduism) an ancient language of India (the language of the Vedas and of Hinduism); an official language of India although it is now used only for religious purposes	None
,	.	None	UNK	Punctuation	None	Punctuation	None
the	DET	None	UNK	UNK	None	UNK	None
word	NOUN	None	['a unit of language that native speakers can identify', 'a brief statement', 'information about recent and important events', 'a verbal command for action', 'an exchange of views on some topic', 'a promise', 'a word is a string of bits stored in computer memory', 'the divine word of God; the second person in the Trinity (incarnate in Jesus)', 'a secret word or phrase known only to a restricted group', 'the sacred writings of the Christian religions', 'put into words or an expression']	the divine word of God; the second person in the Trinity (incarnate in Jesus)	None	a word is a string of bits stored in computer memory	None
Hari	NOUN	None	UNK	UNK	None	UNK	None
means	VERB	None	['how a result is obtained or an end is achieved', 'an instrumentality for accomplishing some end', 'considerable capital (wealth or income)', 'an average of n numbers computed by adding some function of the numbers and dividing by some function of n', 'mean or intend to express or convey', 'have as a logical consequence', 'denote or connote', 'have in mind as a purpose', 'have a specified degree of importance', 'intend to refer to', 'destine or designate for a certain purpose']	an average of n numbers computed by adding some function of the numbers and dividing by some function of n	None	have in mind as a purpose	None
several	ADJ	None	['(used with count nouns) of an indefinite number more than 2 or 3 but not many', 'considered individually', 'distinct and individual']	distinct and individual	None	distinct and individual	None
things	NOUN	None	['any movable possession (especially articles of clothing)', 'a special situation', 'an action', 'a special abstraction', 'an artifact', 'an event', 'a vaguely specified concern', 'a statement regarded as an object', 'an entity that is not named specifically', 'any attribute or quality considered as having its own existence', 'a special objective', 'a persistent illogical feeling of desire or aversion', 'a separate and self-contained entity']	a separate and self-contained entity	None	any movable possession (especially articles of clothing)	None
like	ADP	None	['a similar kind; ,', 'a kind of person', 'prefer or wish to do something', 'find enjoyable or agreeable', 'be fond of', 'feel about or towards; consider, evaluate, or regard', 'want to have', 'resembling or similar; having the same or some of the same characteristics; often used in combination', 'equal in amount or value', 'having the same or similar characteristics', 'conforming in every respect']	resembling or similar; having the same or some of the same characteristics; often used in combination	None	UNK	None
the	DET	None	UNK	UNK	None	UNK	None
sun	NOUN	None	['the star that is the source of light and heat for the planets in the solar system', 'the rays of the sun', 'a person considered as a source of warmth or energy or glory etc', 'any star around which a planetary system revolves', 'first day of the week; observed as a day of rest and worship by most Christians', "expose one's body to the sun", 'expose to the rays of the sun or affect by exposure to the sun']	the star that is the source of light and heat for the planets in the solar system	None	the star that is the source of light and heat for the planets in the solar system	None
,	.	None	UNK	Punctuation	None	Punctuation	None
the	DET	None	UNK	UNK	None	UNK	None
air	NOUN	None	['a mixture of gases (especially oxygen) required for breathing; the stuff that the wind consists of', 'the region above the ground', 'a distinctive but intangible quality surrounding a person or thing', 'a slight wind (usually refreshing)', 'the mass of air surrounding the Earth', 'once thought to be one of four elements composing the universe (Empedocles)', 'a succession of notes forming a distinctive sequence', 'medium for radio and television broadcasting', 'travel via aircraft', 'expose to fresh air', 'be broadcast', 'broadcast over the airwaves, as in radio or television', 'make public', 'expose to warm or heated air, so as to dry', 'expose to cool or cold air so as to cool or freshen']	the mass of air surrounding the Earth	None	the mass of air surrounding the Earth	None
,	.	None	UNK	Punctuation	None	Punctuation	None
the	DET	None	UNK	UNK	None	UNK	None
moon	NOUN	None	['the natural satellite of the Earth', 'any object resembling a moon', 'the period between successive new moons (29.531 days)', 'the light of the Moon', 'United States religious leader (born in Korea) who founded the Unification Church in 1954; was found guilty of conspiracy to evade taxes (born in 1920)', 'any natural satellite of a planet', 'have dreamlike musings or fantasies while awake', 'be idle in a listless or dreamy way', "expose one's buttocks to"]	United States religious leader (born in Korea) who founded the Unification Church in 1954; was found guilty of conspiracy to evade taxes (born in 1920)	None	the natural satellite of the Earth	None
,	.	None	UNK	Punctuation	None	Punctuation	None
the	DET	None	UNK	UNK	None	UNK	None
lion	NOUN	None	['large gregarious predatory feline of Africa and India having a tawny coat with a shaggy mane in the male', 'a celebrity who is lionized (much sought after)', '(astrology) a person who is born while the sun is in Leo', 'the fifth sign of the zodiac; the sun is in this sign from about July 23 to August 22']	large gregarious predatory feline of Africa and India having a tawny coat with a shaggy mane in the male	None	large gregarious predatory feline of Africa and India having a tawny coat with a shaggy mane in the male	None
,	.	None	UNK	Punctuation	None	Punctuation	None
the	DET	None	UNK	UNK	None	UNK	None
horse	NOUN	None	['solid-hoofed herbivorous quadruped domesticated since prehistoric times', 'a padded gymnastic apparatus on legs', 'troops trained to fight on horseback', 'a framework for holding wood that is being sawed', 'a chessman shaped to resemble the head of a horse; can move two squares horizontally and one vertically (or vice versa)', 'provide with a horse or horses']	a chessman shaped to resemble the head of a horse; can move two squares horizontally and one vertically (or vice versa)	None	a chessman shaped to resemble the head of a horse; can move two squares horizontally and one vertically (or vice versa)	None
,	.	None	UNK	Punctuation	None	Punctuation	None
the	DET	None	UNK	UNK	None	UNK	None
snake	NOUN	None	['limbless scaly elongate reptile; some are venomous', 'a deceitful or treacherous person', 'a tributary of the Columbia River that rises in Wyoming and flows westward; discovered in 1805 by the Lewis and Clark Expedition', 'a long faint constellation in the southern hemisphere near the equator stretching between Virgo and Cancer', 'something long, thin, and flexible that resembles a snake', 'move smoothly and sinuously, like a snake', 'form a snake-like pattern', 'move along a winding path']	a tributary of the Columbia River that rises in Wyoming and flows westward; discovered in 1805 by the Lewis and Clark Expedition	None	something long, thin, and flexible that resembles a snake	None
,	.	None	UNK	Punctuation	None	Punctuation	None
the	DET	None	UNK	UNK	None	UNK	None
parrot	NOUN	None	['usually brightly colored zygodactyl tropical birds with short hooked beaks and the ability to mimic sounds', 'a copycat who does not understand the words or acts being imitated', 'repeat mindlessly']	usually brightly colored zygodactyl tropical birds with short hooked beaks and the ability to mimic sounds	None	usually brightly colored zygodactyl tropical birds with short hooked beaks and the ability to mimic sounds	None
,	.	None	UNK	Punctuation	None	Punctuation	None
the	DET	None	UNK	UNK	None	UNK	None
frog	NOUN	None	['any of various tailless stout-bodied amphibians with long hind limbs for leaping; semiaquatic and terrestrial species', 'a person of French descent', 'a decorative loop of braid or cord', 'hunt frogs for food']	any of various tailless stout-bodied amphibians with long hind limbs for leaping; semiaquatic and terrestrial species	None	any of various tailless stout-bodied amphibians with long hind limbs for leaping; semiaquatic and terrestrial species	None
and	CONJ	None	UNK	UNK	None	UNK	None
so	ADV	None	['the syllable naming the fifth (dominant) note of any musical scale in solmization', 'to a very great extent or degree', 'in a manner that facilitates', 'in such a condition or manner, especially as expressed or implied', 'to a certain unspecified extent or degree', 'in the same way; also', "in the way indicated; ; ; (`thusly' is a nonstandard variant)", "(usually followed by `that') to an extent or degree as expressed", 'subsequently or soon afterward (often used as sentence connectors)', '(used to introduce a logical conclusion) from that fact or reason or as a result', 'in truth (often tends to intensify)']	the syllable naming the fifth (dominant) note of any musical scale in solmization	None	in such a condition or manner, especially as expressed or implied	None
on	ADP	None	['in operation or operational', '(of events) planned or scheduled', 'with a forward motion', 'indicates continuity or persistence or concentration', 'in a state required for something to function or be effective']	in operation or operational	None	UNK	None
.	.	None	UNK	Punctuation	None	Punctuation	None
The	DET	None	UNK	UNK	None	UNK	None
Pandit	NOUN	None	UNK	UNK	None	UNK	None
sensed	VERB	None	['perceive by a physical sensation, e.g., coming from the skin or muscles', 'detect some circumstance or entity automatically', 'become aware of not through the senses but instinctively', 'comprehend', 'detected by instinct or inference rather than by recognized perceptual cues']	perceive by a physical sensation, e.g., coming from the skin or muscles	None	perceive by a physical sensation, e.g., coming from the skin or muscles	None
that	ADP	None	UNK	UNK	None	UNK	None
his	PRON	None	UNK	UNK	None	UNK	None
son	NOUN	None	['a male human offspring', 'the divine word of God; the second person in the Trinity (incarnate in Jesus)']	a male human offspring	None	a male human offspring	None
was	VERB	None	['a state in northwestern United States on the Pacific', 'have the quality of being; (copula, used with an adjective or a predicate noun)', 'be identical to; be someone or something', 'occupy a certain position or area; be somewhere', 'have an existence, be extant', 'happen, occur, take place', 'be identical or equivalent to', 'form or compose', 'work in a specific place, with a specific subject, or in a specific function', 'represent, as of a character on stage', 'spend or use time', 'have life, be alive', 'to remain unmolested, undisturbed, or uninterrupted -- used only in infinitive form', 'be priced at']	a state in northwestern United States on the Pacific	None	have the quality of being; (copula, used with an adjective or a predicate noun)	None
far	ADV	None	['a terrorist organization that seeks to overthrow the government dominated by Tutsi and to institute Hutu control again', 'located at a great distance in time or space or degree', 'being of a considerable distance or length', 'being the animal or vehicle on the right or being on the right side of an animal or vehicle', 'beyond a norm in opinion or actions', 'to a considerable degree; very much', 'at or to or from a great distance in space', 'at or to a certain point or degree', 'remote in time', 'to an advanced stage or point']	a terrorist organization that seeks to overthrow the government dominated by Tutsi and to institute Hutu control again	None	at or to or from a great distance in space	None
from	ADP	None	UNK	UNK	None	UNK	None
intelligent	ADJ	None	['having the capacity for thought and reason especially to a high degree', 'possessing sound knowledge', 'exercising or showing good judgment', 'endowed with the capacity to reason']	having the capacity for thought and reason especially to a high degree	None	having the capacity for thought and reason especially to a high degree	None
and	CONJ	None	UNK	UNK	None	UNK	None
kept	VERB	None	['keep in a certain state, position, or activity; e.g.,', 'continue a certain state, condition, or activity', 'retain possession of', 'stop (someone or something) from doing something or being in a certain state', "conform one's action or practice to", 'stick to correctly or closely', 'look after; be the keeper of; have charge of', 'maintain by writing regular records', 'supply with room and board', 'allow to remain in a place or position or maintain a property or feature', 'supply with necessities and support', 'fail to spoil or rot', 'behave as expected during of holidays or rites', 'keep under control; keep in check', 'maintain in safety from injury, harm, or danger', 'raise', 'retain rights to', 'store or keep customarily', 'have as a supply', 'maintain for use and service', 'hold and prevent from leaving', 'prevent (food) from rotting', '(especially of promises or contracts) not violated or disregarded']	hold and prevent from leaving	None	maintain in safety from injury, harm, or danger	None
calling	VERB	None	['the particular occupation for which you are trained', 'assign a specified (usually proper) proper name to', 'ascribe a quality to or give a name of a common noun that reflects a quality', 'get or try to get into communication (with someone) by telephone', 'utter a sudden loud cry', 'order, request, or command to come', 'pay a brief visit', 'call a meeting; invite or command to meet', 'read aloud to check for omissions or absentees', 'send a message or attempt to reach someone by radio, phone, etc.; make a signal to in order to transmit a message', 'utter a characteristic note or cry', 'stop or postpone because of adverse conditions, such as bad weather', 'greet, as with a prescribed form, title, or name', 'make a stop in a harbour', 'demand payment of (a loan)', 'make a demand, as for a card or a suit or a show of hands', 'give the calls (to the dancers) for a square dance', 'indicate a decision in regard to', 'make a prediction about; tell in advance', 'require the presentation of for redemption before maturation', 'challenge (somebody) to make good on a statement; charge with or censure for an offense', 'declare in the capacity of an umpire or referee', 'lure by imitating the characteristic call of an animal', 'order or request or give a command for', 'order, summon, or request for a specific duty or activity, work, role', 'utter in a loud voice or announce', 'challenge the sincerity or truthfulness of', 'consider or regard as being', 'rouse somebody from sleep with a call']	ascribe a quality to or give a name of a common noun that reflects a quality	None	ascribe a quality to or give a name of a common noun that reflects a quality	None
him	PRON	None	UNK	UNK	None	UNK	None
,	.	None	UNK	Punctuation	None	Punctuation	None
"	.	None	UNK	Punctuation	None	Punctuation	None
You	PRON	None	UNK	UNK	None	UNK	None
dirty	VERB	None	['make soiled, filthy, or dirty', 'soiled or likely to soil with dirt or grime', '(of behavior or especially language) characterized by obscenity or indecency', 'vile; despicable', 'spreading pollution or contamination; especially radioactive contamination', 'contaminated with infecting organisms; ; - Jane Austen', '(of color) discolored by impurities; not bright and clear;  is often used in combination', '(of a manuscript) defaced with changes', 'obtained illegally or by improper means', 'expressing or revealing hostility or dislike', 'violating accepted standards or rules', 'unethical or dishonest', 'unpleasantly stormy']	make soiled, filthy, or dirty	None	make soiled, filthy, or dirty	None
frog	ADJ	None	['any of various tailless stout-bodied amphibians with long hind limbs for leaping; semiaquatic and terrestrial species', 'a person of French descent', 'a decorative loop of braid or cord', 'hunt frogs for food']	any of various tailless stout-bodied amphibians with long hind limbs for leaping; semiaquatic and terrestrial species	None	UNK	None
!	.	None	UNK	Punctuation	None	Punctuation	None
"	ADJ	None	UNK	UNK	None	UNK	None
instead	ADV	None	['in place of, or as an alternative to', 'on the contrary']	in place of, or as an alternative to	None	in place of, or as an alternative to	None
of	ADP	None	UNK	UNK	None	UNK	None
"	NOUN	None	UNK	UNK	None	UNK	None
Hari	NOUN	None	UNK	UNK	None	UNK	None
Hari	NOUN	None	UNK	UNK	None	UNK	None
grew	VERB	None	['pass into a condition gradually, take on a specific property or attribute; become', 'become larger, greater, or bigger; expand or gain', 'increase in size by natural process', 'cause to grow or develop', 'develop and reach maturity; undergo maturation', 'come into existence; take on form or shape', 'cultivate by growing, often involving improvements by means of agricultural techniques', 'come to have or undergo a change of (physical features and attributes)', 'grow emotionally or mature', 'become attached by or as if by the process of growth']	come to have or undergo a change of (physical features and attributes)	None	come to have or undergo a change of (physical features and attributes)	None
up	PRT	None	['raise', 'being or moving higher in position or greater in some value; being above a former position or level', 'out of bed', 'getting higher or more vigorous', 'extending or moving toward a higher place', "(usually followed by `on' or `for') in readiness", 'open', '(used of computers) operating properly', 'used up', 'spatially or metaphorically from a lower to a higher position', 'to a higher intensity', 'nearer to the speaker', 'to a more central or a more northerly place', 'to a later time']	being or moving higher in position or greater in some value; being above a former position or level	None	UNK	None
,	.	None	UNK	Punctuation	None	Punctuation	None
got	VERB	None	['come into the possession of something concrete or abstract', 'enter or assume a certain state or condition', 'cause to move; cause to be in a certain position or condition', 'receive a specified treatment (abstract)', 'reach a destination; arrive by movement or progress', 'go or come after and bring or take back', 'go through (mental or physical states or experiences)', 'take vengeance on or get even', 'achieve a point or goal', 'cause to do; cause to act in a specified manner', 'succeed in catching or seizing, especially after a chase', 'come to have or undergo a change of (physical features and attributes)', 'be stricken by an illness, fall victim to an illness', 'communicate with a place or person; establish communication with, as if by telephone', 'give certain properties to something', 'move into a desired direction of discourse', 'grasp with the mind or develop an understanding of', 'attract and fix', 'reach with a blow or hit in a particular spot', 'reach by calculation', 'acquire as a result of some effort or action', 'purchase', 'perceive by hearing', 'suffer from the receipt of', 'receive as a retribution or punishment', 'leave immediately; used usually in the imperative form', 'reach and board', 'irritate', 'evoke an emotional response', 'apprehend and reproduce accurately', 'earn or achieve a base by being walked by the pitcher', 'overcome or destroy', 'be a mystery or bewildering to', 'take the first step or steps in carrying out an action', 'undergo (as of injuries and illnesses)', 'make children']	come to have or undergo a change of (physical features and attributes)	None	come to have or undergo a change of (physical features and attributes)	None
married	ADJ	None	['a person who is married', 'take in marriage', 'perform a marriage ceremony', 'joined in matrimony', 'of or relating to the state of marriage']	a person who is married	None	of or relating to the state of marriage	None
and	CONJ	None	UNK	UNK	None	UNK	None
raised	VERB	None	['raise the level or amount of something', 'raise from a lower to a higher position', 'cause to be heard or known; express or utter', 'collect funds for a specific purpose', 'cultivate by growing, often involving improvements by means of agricultural techniques', 'bring up', 'summon into action or bring into existence, often as if by magic', 'move upwards', 'construct, build, or erect', 'call forth (emotions, feelings, and responses)', 'create a disturbance, especially by making a great noise', 'raise in rank or condition', 'increase', 'give a promotion to or assign to a higher position', 'cause to puff up with a leaven', "bid (one's partner's suit) at a higher level", 'bet more than the previous player', 'cause to assemble or enlist in the military', 'put forward for consideration or discussion', 'pronounce (vowels) by bringing the tongue closer to the roof of the mouth', 'activate or stir up', 'establish radio communications with', 'multiply (a number) by itself a specified number of times: 8 is 2 raised to the power 3', 'bring (a surface or a design) into relief and cause to project', 'invigorate or heighten', 'put an end to', 'cause to become alive again', 'located or moved above the surround or above the normal position', 'embellished with a raised pattern created by pressure or embroidery', 'increased in amount or degree']	multiply (a number) by itself a specified number of times: 8 is 2 raised to the power 3	None	multiply (a number) by itself a specified number of times: 8 is 2 raised to the power 3	None
a	DET	None	['a metric unit of length equal to one ten billionth of a meter (or 0.0001 micron); used to specify wavelengths of electromagnetic radiation', 'any of several fat-soluble vitamins essential for normal vision; prevents night blindness or inflammation or dryness of the eyes', 'one of the four nucleotides used in building DNA; all four nucleotides have a common phosphate group and a sugar (ribose)', '(biochemistry) purine base found in DNA and RNA; pairs with thymine in DNA and with uracil in RNA', "the basic unit of electric current adopted under the Systeme International d'Unites", 'the 1st letter of the Roman alphabet', 'the blood group whose red cells carry the A antigen']	one of the four nucleotides used in building DNA; all four nucleotides have a common phosphate group and a sugar (ribose)	None	UNK	None
huge	ADJ	None	['unusually great in size or amount or degree or especially extent or scope; ; ; ; ; ; ; ; ; - W.R.Inge']	unusually great in size or amount or degree or especially extent or scope; ; ; ; ; ; ; ; ; - W.R.Inge	None	unusually great in size or amount or degree or especially extent or scope; ; ; ; ; ; ; ; ; - W.R.Inge	None
family	NOUN	None	['a social unit living together', 'primary social group; parents and children', 'a collection of things sharing a common attribute', 'people descended from a common ancestor', 'a person having kinship with another or others', '(biology) a taxonomic group containing one or more genera', 'a loose affiliation of gangsters in charge of organized criminal activities', 'an association of people who share common beliefs or activities']	a collection of things sharing a common attribute	None	a collection of things sharing a common attribute	None
.	.	None	UNK	Punctuation	None	Punctuation	None
Finding	VERB	None	['the act of determining the properties of something, usually by research or calculation', 'the decision of a court on issues of fact or law', 'something that is found', 'come upon, as if by accident; meet with', 'discover or determine the existence, presence, or fact of', 'come upon after searching; find the location of something that was missed or lost', 'establish after a calculation, investigation, experiment, survey, or study', 'come to believe on the basis of emotion, intuitions, or indefinite grounds', 'perceive or be contemporaneous with', 'get something or somebody for a specific purpose', 'make a discovery, make a new finding', 'make a discovery', 'obtain through effort or management', 'decide on and make a declaration about', 'receive a specified treatment (abstract)', 'perceive oneself to be in a certain condition or place', 'get or find back; recover the use of', 'succeed in reaching; arrive at', "accept and make use of one's personality, abilities, and situation"]	get something or somebody for a specific purpose	None	establish after a calculation, investigation, experiment, survey, or study	None
his	PRON	None	UNK	UNK	None	UNK	None
native	ADJ	None	['an indigenous person who was born in a particular place', 'a person born in a particular place or country', 'indigenous plants and animals', 'characteristic of or existing by virtue of geographic origin', 'belonging to one by birth', 'characteristic of or relating to people inhabiting a region from the beginning', 'as found in nature in the elemental form']	characteristic of or relating to people inhabiting a region from the beginning	None	characteristic of or relating to people inhabiting a region from the beginning	None
village	NOUN	None	['a community of people smaller than a town', 'a settlement smaller than a town', "a mainly residential district of Manhattan; `the Village' became a home for many writers and artists in the 20th century"]	a mainly residential district of Manhattan; `the Village' became a home for many writers and artists in the 20th century	None	a community of people smaller than a town	None
too	ADV	None	['to a degree exceeding normal or proper limits', 'in addition']	to a degree exceeding normal or proper limits	None	to a degree exceeding normal or proper limits	None
small	ADJ	None	['the slender part of the back', 'a garment size for a small person', 'limited or below average in number or quantity or magnitude or extent', 'limited in size or scope', '(of children and animals) young, immature', 'slight or limited; especially in degree or intensity or scope', 'low or inferior in station or quality', 'lowercase', '(of a voice) faint', 'have fine or very small constituent particles', 'not large but sufficient in size or amount', 'made to seem smaller or less (especially in worth)', 'on a small scale']	a garment size for a small person	None	(of children and animals) young, immature	None
for	ADP	None	UNK	UNK	None	UNK	None
his	PRON	None	UNK	UNK	None	UNK	None
family	NOUN	None	['a social unit living together', 'primary social group; parents and children', 'a collection of things sharing a common attribute', 'people descended from a common ancestor', 'a person having kinship with another or others', '(biology) a taxonomic group containing one or more genera', 'a loose affiliation of gangsters in charge of organized criminal activities', 'an association of people who share common beliefs or activities']	a social unit living together	None	a social unit living together	None
,	.	None	UNK	Punctuation	None	Punctuation	None
Hari	NOUN	None	UNK	UNK	None	UNK	None
migrated	VERB	None	['move from one country or region to another and settle there', 'move periodically or seasonally']	move from one country or region to another and settle there	None	move from one country or region to another and settle there	None
to	PRT	None	UNK	UNK	None	UNK	None
a	DET	None	['a metric unit of length equal to one ten billionth of a meter (or 0.0001 micron); used to specify wavelengths of electromagnetic radiation', 'any of several fat-soluble vitamins essential for normal vision; prevents night blindness or inflammation or dryness of the eyes', 'one of the four nucleotides used in building DNA; all four nucleotides have a common phosphate group and a sugar (ribose)', '(biochemistry) purine base found in DNA and RNA; pairs with thymine in DNA and with uracil in RNA', "the basic unit of electric current adopted under the Systeme International d'Unites", 'the 1st letter of the Roman alphabet', 'the blood group whose red cells carry the A antigen']	a metric unit of length equal to one ten billionth of a meter (or 0.0001 micron); used to specify wavelengths of electromagnetic radiation	None	UNK	None
big	ADJ	None	['above average in size or number or quantity or magnitude or extent', 'significant', 'very intense', 'loud and firm', 'conspicuous in position or importance', 'prodigious', 'exhibiting self-importance', 'feeling self-importance', '(of animals) fully developed', 'marked by intense physical force', 'generous and understanding and tolerant', 'given or giving freely', 'in an advanced stage of pregnancy', 'extremely well', 'in a boastful manner', 'on a grand scale', 'in a major way']	in a boastful manner	None	above average in size or number or quantity or magnitude or extent	None
city	NOUN	None	['a large and densely populated urban area; may include several independent administrative districts', 'an incorporated administrative district established by state charter', 'people living in a large densely populated municipality']	a large and densely populated urban area; may include several independent administrative districts	None	a large and densely populated urban area; may include several independent administrative districts	None
.	.	None	UNK	Punctuation	None	Punctuation	None
He	PRON	None	['a very light colorless element that is one of the six inert gasses; the most difficult gas to liquefy; occurs in economically extractable amounts in certain natural gases (as those found in Texas and Kansas)', 'the 5th letter of the Hebrew alphabet']	a very light colorless element that is one of the six inert gasses; the most difficult gas to liquefy; occurs in economically extractable amounts in certain natural gases (as those found in Texas and Kansas)	None	UNK	None
found	VERB	None	['food and lodging provided in addition to money', 'set up or found', 'set up or lay the groundwork for', 'use as a basis for; found on', 'come upon, as if by accident; meet with', 'discover or determine the existence, presence, or fact of', 'come upon after searching; find the location of something that was missed or lost', 'establish after a calculation, investigation, experiment, survey, or study', 'come to believe on the basis of emotion, intuitions, or indefinite grounds', 'perceive or be contemporaneous with', 'get something or somebody for a specific purpose', 'make a discovery, make a new finding', 'make a discovery', 'obtain through effort or management', 'decide on and make a declaration about', 'receive a specified treatment (abstract)', 'perceive oneself to be in a certain condition or place', 'get or find back; recover the use of', 'succeed in reaching; arrive at', "accept and make use of one's personality, abilities, and situation", 'come upon unexpectedly or after searching']	use as a basis for; found on	None	use as a basis for; found on	None
emptoyment	NOUN	None	UNK	UNK	None	UNK	None
in	ADP	None	['a unit of length equal to one twelfth of a foot', 'a rare soft silvery metallic element; occurs in small quantities in sphalerite', 'a state in midwestern United States', 'holding office', 'directed or bound inward', 'currently fashionable', 'to or toward the inside of']	a rare soft silvery metallic element; occurs in small quantities in sphalerite	None	UNK	None
a	DET	None	['a metric unit of length equal to one ten billionth of a meter (or 0.0001 micron); used to specify wavelengths of electromagnetic radiation', 'any of several fat-soluble vitamins essential for normal vision; prevents night blindness or inflammation or dryness of the eyes', 'one of the four nucleotides used in building DNA; all four nucleotides have a common phosphate group and a sugar (ribose)', '(biochemistry) purine base found in DNA and RNA; pairs with thymine in DNA and with uracil in RNA', "the basic unit of electric current adopted under the Systeme International d'Unites", 'the 1st letter of the Roman alphabet', 'the blood group whose red cells carry the A antigen']	one of the four nucleotides used in building DNA; all four nucleotides have a common phosphate group and a sugar (ribose)	None	UNK	None
rich	ADJ	None	['people who have possessions and wealth (considered as a group)', 'possessing material wealth', 'having an abundant supply of desirable qualities or substances (especially natural resources)', 'of great worth or quality', 'marked by great fruitfulness', 'strong; intense', 'very productive', 'high in mineral content; having a high proportion of fuel to air; ,', 'suggestive of or characterized by great expense', 'containing plenty of fat, or eggs, or sugar', 'marked by richness and fullness of flavor', 'pleasantly full and mellow', 'affording an abundant supply']	high in mineral content; having a high proportion of fuel to air; ,	None	high in mineral content; having a high proportion of fuel to air; ,	None
man	NOUN	None	['an adult person who is male (as opposed to a woman)', 'someone who serves in the armed forces; a member of a military force', 'the generic use of the word to refer to any human being', 'any living or extinct member of the family Hominidae characterized by superior intelligence, articulate speech, and erect carriage', 'a male subordinate', 'an adult male person who has a manly character (virile and courageous competent)', 'a manservant who acts as a personal attendant to his employer', 'a male person who plays a significant role (husband or lover or boyfriend) in the life of a particular woman', 'one of the British Isles in the Irish Sea', 'game equipment consisting of an object used in playing certain board games', 'all of the living human inhabitants of the earth', 'take charge of a certain job; occupy a certain work place', 'provide with workers']	someone who serves in the armed forces; a member of a military force	None	someone who serves in the armed forces; a member of a military force	None
's	PRT	None	UNK	UNK	None	UNK	None
house	NOUN	None	['a dwelling that serves as living quarters for one or more families', 'the members of a business organization that owns or operates one or more establishments', 'the members of a religious community living together', 'the audience gathered together in a theatre or cinema', 'an official assembly having legislative powers', 'aristocratic family line', 'play in which children take the roles of father or mother or children and pretend to interact like adults', '(astrology) one of 12 equal areas into which the zodiac is divided', 'the management of a gambling house or casino', 'a social unit living together', 'a building where theatrical performances or motion-picture shows can be presented', 'a building in which something is sheltered or located', 'contain or cover', 'provide housing for']	the audience gathered together in a theatre or cinema	None	the audience gathered together in a theatre or cinema	None
.	.	None	UNK	Punctuation	None	Punctuation	None
While	ADP	None	['a period of indeterminate length (usually short) marked by some action or condition']	a period of indeterminate length (usually short) marked by some action or condition	None	UNK	None
Hari	NOUN	None	UNK	UNK	None	UNK	None
did	VERB	None	['engage in', 'carry out or perform an action', 'get (something) done', 'proceed or get along', 'give rise to; cause to happen or occur, not always intentionally', 'carry out or practice; as of jobs and professions', 'be sufficient; be adequate, either in quality or quantity', 'create or design, often in a certain way', 'behave in a certain manner; show a certain behavior; conduct or comport oneself', 'spend time in prison or in a labor camp', 'carry on or function', 'arrange attractively', 'travel or traverse (a distance)']	carry out or practice; as of jobs and professions	None	give rise to; cause to happen or occur, not always intentionally	None
menial	ADJ	None	['a domestic servant', 'used of unskilled work (especially domestic work)']	used of unskilled work (especially domestic work)	None	used of unskilled work (especially domestic work)	None
work	NOUN	None	['activity directed toward making or doing something', 'a product produced or accomplished through the effort or activity or agency of a person or thing', 'the occupation for which you are paid', 'applying the mind to learning and understanding a subject (especially by reading)', '(physics) a manifestation of energy; the transfer of energy from one physical system to another expressed as the product of a force and the distance through which it moves a body in the direction of that force', 'a place where work is done', 'the total output of a writer or artist (or a substantial part of it)', 'exert oneself by doing mental or physical work for a purpose or out of necessity', 'be employed', 'have an effect or outcome; often the one desired or expected', 'perform as expected when applied', 'shape, form, or improve a material', 'give a workout to', 'proceed along a path', 'operate in a certain place, area, or specialty', 'proceed towards a goal or along a path or through an activity', 'move in an agitated manner', 'cause to happen or to occur as a consequence', 'cause to work', 'prepare for crops', 'behave in a certain way when handled', 'have and exert influence or effect', 'operate in or through', 'cause to operate or function', 'provoke or excite', 'gratify and charm, usually in order to influence', 'make something, usually for a specific function', 'move into or onto', 'make uniform', "use or manipulate to one's advantage", 'find the solution to (a problem or question) or understand the meaning of', 'cause to undergo fermentation', 'go sour or spoil', 'arrive at a certain condition through repeated motion']	applying the mind to learning and understanding a subject (especially by reading)	None	applying the mind to learning and understanding a subject (especially by reading)	None
,	.	None	UNK	Punctuation	None	Punctuation	None
his	PRON	None	UNK	UNK	None	UNK	None
wife	NOUN	None	["a married woman; a man's partner in marriage"]	a married woman; a man's partner in marriage	None	a married woman; a man's partner in marriage	None
cooked	VERB	None	['prepare a hot meal', 'prepare for eating by applying heat', 'transform and make suitable for consumption by heating', 'tamper, with the purpose of deception', 'transform by heating', 'having been prepared for eating by the application of heat']	having been prepared for eating by the application of heat	None	tamper, with the purpose of deception	None
and	CONJ	None	UNK	UNK	None	UNK	None
his	PRON	None	UNK	UNK	None	UNK	None
children	NOUN	None	['a young person of either sex', 'a human offspring (son or daughter) of any age', 'an immature childish person', 'a member of a clan or tribe']	a young person of either sex	None	a young person of either sex	None
tended	VERB	None	['have a tendency or disposition to do or be something; be inclined', 'have care of or look after', 'manage or run']	have a tendency or disposition to do or be something; be inclined	None	have a tendency or disposition to do or be something; be inclined	None
the	DET	None	UNK	UNK	None	UNK	None
cattle	NOUN	None	['domesticated bovine animals as a group regardless of sex or age; ; ; - Bible']	domesticated bovine animals as a group regardless of sex or age; ; ; - Bible	None	domesticated bovine animals as a group regardless of sex or age; ; ; - Bible	None
of	ADP	None	UNK	UNK	None	UNK	None
the	DET	None	UNK	UNK	None	UNK	None
rich	ADJ	None	['people who have possessions and wealth (considered as a group)', 'possessing material wealth', 'having an abundant supply of desirable qualities or substances (especially natural resources)', 'of great worth or quality', 'marked by great fruitfulness', 'strong; intense', 'very productive', 'high in mineral content; having a high proportion of fuel to air; ,', 'suggestive of or characterized by great expense', 'containing plenty of fat, or eggs, or sugar', 'marked by richness and fullness of flavor', 'pleasantly full and mellow', 'affording an abundant supply']	high in mineral content; having a high proportion of fuel to air; ,	None	high in mineral content; having a high proportion of fuel to air; ,	None
man	NOUN	None	['an adult person who is male (as opposed to a woman)', 'someone who serves in the armed forces; a member of a military force', 'the generic use of the word to refer to any human being', 'any living or extinct member of the family Hominidae characterized by superior intelligence, articulate speech, and erect carriage', 'a male subordinate', 'an adult male person who has a manly character (virile and courageous competent)', 'a manservant who acts as a personal attendant to his employer', 'a male person who plays a significant role (husband or lover or boyfriend) in the life of a particular woman', 'one of the British Isles in the Irish Sea', 'game equipment consisting of an object used in playing certain board games', 'all of the living human inhabitants of the earth', 'take charge of a certain job; occupy a certain work place', 'provide with workers']	any living or extinct member of the family Hominidae characterized by superior intelligence, articulate speech, and erect carriage	None	any living or extinct member of the family Hominidae characterized by superior intelligence, articulate speech, and erect carriage	None
,	.	None	UNK	Punctuation	None	Punctuation	None
After	ADP	None	['located farther aft', 'happening at a time subsequent to a reference time', 'behind or in the rear']	happening at a time subsequent to a reference time	None	UNK	None
some	DET	None	['quantifier; used with either mass nouns or plural count nouns to indicate an unspecified number or quantity', 'relatively much but unspecified in amount or extent', 'relatively many but unspecified in number', 'remarkable', '(of quantities) imprecise but fairly close to correct']	quantifier; used with either mass nouns or plural count nouns to indicate an unspecified number or quantity	None	UNK	None
time	NOUN	None	['an instance or single occasion for some event', 'a period of time considered as a resource under your control and sufficient to accomplish something', 'an indefinite period (usually marked by specific attributes or activities)', 'a suitable moment', 'the continuum of experience in which events pass from the future through the present to the past', "a person's experience on a particular occasion", 'a reading of a point in time as given by a clock', 'the fourth coordinate that is required (along with three spatial dimensions) to specify a physical event', 'rhythm as given by division into parts of equal duration', 'the period of time a prisoner is imprisoned', 'measure the time or duration of an event or action or the person who performs an action in a certain period of time', 'assign a time for an activity or event', 'set the speed, duration, or execution of', 'regulate or set the time of', 'adjust so that a force is applied and an action occurs at the desired time']	a period of time considered as a resource under your control and sufficient to accomplish something	None	a period of time considered as a resource under your control and sufficient to accomplish something	None
the	DET	None	UNK	UNK	None	UNK	None
rich	ADJ	None	['people who have possessions and wealth (considered as a group)', 'possessing material wealth', 'having an abundant supply of desirable qualities or substances (especially natural resources)', 'of great worth or quality', 'marked by great fruitfulness', 'strong; intense', 'very productive', 'high in mineral content; having a high proportion of fuel to air; ,', 'suggestive of or characterized by great expense', 'containing plenty of fat, or eggs, or sugar', 'marked by richness and fullness of flavor', 'pleasantly full and mellow', 'affording an abundant supply']	high in mineral content; having a high proportion of fuel to air; ,	None	high in mineral content; having a high proportion of fuel to air; ,	None
man	NOUN	None	['an adult person who is male (as opposed to a woman)', 'someone who serves in the armed forces; a member of a military force', 'the generic use of the word to refer to any human being', 'any living or extinct member of the family Hominidae characterized by superior intelligence, articulate speech, and erect carriage', 'a male subordinate', 'an adult male person who has a manly character (virile and courageous competent)', 'a manservant who acts as a personal attendant to his employer', 'a male person who plays a significant role (husband or lover or boyfriend) in the life of a particular woman', 'one of the British Isles in the Irish Sea', 'game equipment consisting of an object used in playing certain board games', 'all of the living human inhabitants of the earth', 'take charge of a certain job; occupy a certain work place', 'provide with workers']	any living or extinct member of the family Hominidae characterized by superior intelligence, articulate speech, and erect carriage	None	any living or extinct member of the family Hominidae characterized by superior intelligence, articulate speech, and erect carriage	None
's	PRT	None	UNK	UNK	None	UNK	None
jughter	NOUN	None	UNK	UNK	None	UNK	None
happened	VERB	None	['come to pass', 'happen, occur, or be the case in the course of events or by chance; ;  (Santayana)', 'chance to be or do something, without intention or causation', 'come into being; become reality', 'come upon, as if by accident; meet with']	happen, occur, or be the case in the course of events or by chance; ;  (Santayana)	None	happen, occur, or be the case in the course of events or by chance; ;  (Santayana)	None
to	PRT	None	UNK	UNK	None	UNK	None
be	VERB	None	['a light strong brittle grey toxic bivalent metallic element', 'have the quality of being; (copula, used with an adjective or a predicate noun)', 'be identical to; be someone or something', 'occupy a certain position or area; be somewhere', 'have an existence, be extant', 'happen, occur, take place', 'be identical or equivalent to', 'form or compose', 'work in a specific place, with a specific subject, or in a specific function', 'represent, as of a character on stage', 'spend or use time', 'have life, be alive', 'to remain unmolested, undisturbed, or uninterrupted -- used only in infinitive form', 'be priced at']	have the quality of being; (copula, used with an adjective or a predicate noun)	None	have the quality of being; (copula, used with an adjective or a predicate noun)	None
married	VERB	None	['a person who is married', 'take in marriage', 'perform a marriage ceremony', 'joined in matrimony', 'of or relating to the state of marriage']	of or relating to the state of marriage	None	take in marriage	None
For	ADP	None	UNK	UNK	None	UNK	None
this	DET	None	UNK	UNK	None	UNK	None
marriage	NOUN	None	['the state of being a married couple voluntarily joined for life (or until divorce)', 'two people who are married to each other', 'the act of marrying; the nuptial ceremony', 'a close and intimate union']	the state of being a married couple voluntarily joined for life (or until divorce)	None	the state of being a married couple voluntarily joined for life (or until divorce)	None
great	ADJ	None	['a person who has achieved distinction and honor in some field', 'relatively large in size or number or extent; larger than others of its kind', 'of major significance or importance', 'remarkable or out of the ordinary in degree or magnitude or effect', 'very good', 'uppercase', 'in an advanced stage of pregnancy']	a person who has achieved distinction and honor in some field	None	remarkable or out of the ordinary in degree or magnitude or effect	None
preparations	NOUN	None	['the activity of putting or setting in order in advance of some act or purpose', 'a substance prepared according to a formula', 'the cognitive process of thinking about what you will do in the event of something happening', 'the state of having been made ready or prepared for use or action (especially military action)', '(music) a note that produces a dissonant chord is first heard in a consonant chord', 'activity leading to skilled behavior', 'preparatory school work done outside school (especially at home)', 'the act of preparing something (as food) by the application of heat']	the activity of putting or setting in order in advance of some act or purpose	None	the activity of putting or setting in order in advance of some act or purpose	None
were	VERB	None	['have the quality of being; (copula, used with an adjective or a predicate noun)', 'be identical to; be someone or something', 'occupy a certain position or area; be somewhere', 'have an existence, be extant', 'happen, occur, take place', 'be identical or equivalent to', 'form or compose', 'work in a specific place, with a specific subject, or in a specific function', 'represent, as of a character on stage', 'spend or use time', 'have life, be alive', 'to remain unmolested, undisturbed, or uninterrupted -- used only in infinitive form', 'be priced at']	have the quality of being; (copula, used with an adjective or a predicate noun)	None	have the quality of being; (copula, used with an adjective or a predicate noun)	None
set	VERB	None	['a group of things of the same kind that belong together and are so used', '(mathematics) an abstract collection of numbers or symbols', 'several exercises intended to be done in series', 'representation consisting of the scenery and other properties used to identify the location of a dramatic production', 'an unofficial association of people or groups', 'a relatively permanent inclination to react in a particular way', 'the act of putting something in position', 'a unit of play in tennis or squash', 'the process of becoming hard or solid by cooling or drying or crystallization', 'evil Egyptian god with the head of a beast that has high square ears and a long snout; brother and murderer of Osiris', 'the descent of a heavenly body below the horizon', '(psychology) being temporarily ready to respond in a particular way', 'any electronic equipment that receives or transmits radio or tv signals', 'put into a certain place or abstract location', 'fix conclusively or authoritatively', 'decide upon or fix definitely', 'establish as the highest level or best performance', 'put into a certain state; cause to be in a certain state', 'fix in a border', 'make ready or suitable or equip in advance for a particular purpose or for some use, event, etc', 'set to a certain position or cause to operate correctly', 'locate', 'disappear beyond the horizon', 'adapt for performance in a different way', 'put or set (seeds, seedlings, or plants) into the ground', 'apply or start', 'become gelatinous', 'set in type', 'put into a position that will restore a normal state', 'insert (a nail or screw below the surface, as into a countersink)', 'give a fine, sharp edge to a knife or razor', 'urge to attack someone', 'estimate', 'equip with sails or masts', 'get ready for a particular purpose or event', 'alter or regulate so as to achieve accuracy or conform to a standard', 'bear fruit', 'arrange attractively', "(usually followed by `to' or `for') on the point of or strongly disposed", "fixed and unmoving; ; - Connor Cruise O'Brien", 'situated in a particular spot or position', 'set down according to a plan:', 'being below the horizon', 'determined or decided upon as by an authority', 'converted to solid form (as concrete)']	representation consisting of the scenery and other properties used to identify the location of a dramatic production	None	put or set (seeds, seedlings, or plants) into the ground	None
afoot	NOUN	None	['traveling by foot', 'currently in progress', 'on foot; walking']	traveling by foot	None	UNK	None
and	CONJ	None	UNK	UNK	None	UNK	None
guests	NOUN	None	['a visitor to whom hospitality is extended', 'United States journalist (born in England) noted for his syndicated homey verse (1881-1959)', 'a customer of a hotel or restaurant etc.', '(computer science) any computer that is hooked up to a computer network']	a visitor to whom hospitality is extended	None	a customer of a hotel or restaurant etc.	None
arrived	VERB	None	['reach a destination; arrive by movement or progress', 'succeed in a big way; get to the top']	succeed in a big way; get to the top	None	succeed in a big way; get to the top	None
by	ADP	None	['so as to pass a given point', 'in reserve; not for immediate use']	so as to pass a given point	None	UNK	None
the	DET	None	UNK	UNK	None	UNK	None
thousand	NOUN	None	['the cardinal number that is the product of 10 and 100', 'denoting a quantity consisting of 1,000 items or units']	the cardinal number that is the product of 10 and 100	None	the cardinal number that is the product of 10 and 100	None
.	.	None	UNK	Punctuation	None	Punctuation	None
Poor	NOUN	None	['people without possessions or wealth (considered as a group)', 'deserving or inciting pity; ; ; - Galsworthy', 'having little money or few possessions', 'characterized by or indicating poverty', 'lacking in specific resources, qualities or substances', 'not sufficient to meet a need', 'unsatisfactory']	not sufficient to meet a need	None	UNK	None
Hari	NOUN	None	UNK	UNK	None	UNK	None
dreamed	VERB	None	['have a daydream; indulge in a fantasy', 'experience while sleeping', 'conceived of or imagined or hoped for']	have a daydream; indulge in a fantasy	None	UNK	None
that	ADP	None	UNK	UNK	None	UNK	None
he	PRON	None	['a very light colorless element that is one of the six inert gasses; the most difficult gas to liquefy; occurs in economically extractable amounts in certain natural gases (as those found in Texas and Kansas)', 'the 5th letter of the Hebrew alphabet']	a very light colorless element that is one of the six inert gasses; the most difficult gas to liquefy; occurs in economically extractable amounts in certain natural gases (as those found in Texas and Kansas)	None	UNK	None
would	VERB	None	UNK	UNK	None	UNK	None
do	VERB	None	['an uproarious party', 'the syllable naming the first (tonic) note of any major scale in solmization', "doctor's degree in osteopathy", 'engage in', 'carry out or perform an action', 'get (something) done', 'proceed or get along', 'give rise to; cause to happen or occur, not always intentionally', 'carry out or practice; as of jobs and professions', 'be sufficient; be adequate, either in quality or quantity', 'create or design, often in a certain way', 'behave in a certain manner; show a certain behavior; conduct or comport oneself', 'spend time in prison or in a labor camp', 'carry on or function', 'arrange attractively', 'travel or traverse (a distance)']	the syllable naming the first (tonic) note of any major scale in solmization	None	give rise to; cause to happen or occur, not always intentionally	None
justice	NOUN	None	['the quality of being just or fair', 'judgment involved in the determination of rights and the assignment of rewards and punishments', 'a public official authorized to decide questions brought before a court of justice', 'the United States federal department responsible for enforcing federal laws (including the enforcement of all civil rights legislation); created in 1870']	a public official authorized to decide questions brought before a court of justice	None	a public official authorized to decide questions brought before a court of justice	None
to	PRT	None	UNK	UNK	None	UNK	None
the	DET	None	UNK	UNK	None	UNK	None
feasts	NOUN	None	['a ceremonial dinner party for many people', 'something experienced with great delight', 'a meal that is well prepared and greatly enjoyed', 'an elaborate party (often outdoors)', 'partake in a feast or banquet', 'provide a feast or banquet for', 'gratify']	a meal that is well prepared and greatly enjoyed	None	a meal that is well prepared and greatly enjoyed	None
that	DET	None	UNK	UNK	None	UNK	None
were	VERB	None	['have the quality of being; (copula, used with an adjective or a predicate noun)', 'be identical to; be someone or something', 'occupy a certain position or area; be somewhere', 'have an existence, be extant', 'happen, occur, take place', 'be identical or equivalent to', 'form or compose', 'work in a specific place, with a specific subject, or in a specific function', 'represent, as of a character on stage', 'spend or use time', 'have life, be alive', 'to remain unmolested, undisturbed, or uninterrupted -- used only in infinitive form', 'be priced at']	have the quality of being; (copula, used with an adjective or a predicate noun)	None	have the quality of being; (copula, used with an adjective or a predicate noun)	None
to	PRT	None	UNK	UNK	None	UNK	None
follow	VERB	None	['to travel behind, go after, come after', 'be later in time', 'come as a logical consequence; follow logically', 'travel along a certain course', "act in accordance with someone's rules, commands, or wishes", 'come after in time, as a result', 'behave in accordance or in agreement with', 'be next', 'choose and follow; as of theories, ideas, policies, strategies or plans', 'to bring something about at a later time than', 'imitate in behavior; take as a model', 'follow, discover, or ascertain the course of development of something', 'follow with the eyes or the mind', 'be the successor (of)', 'perform an accompaniment to', 'keep informed', 'to be the product or result', 'accept and follow the leadership or command or guidance of', 'adhere to or practice', 'work in a specific place, with a specific subject, or in a specific function', 'keep under surveillance', 'follow in or as if in pursuit', 'grasp the meaning', 'keep to']	follow with the eyes or the mind	None	accept and follow the leadership or command or guidance of	None
the	DET	None	UNK	UNK	None	UNK	None
marriage	NOUN	None	['the state of being a married couple voluntarily joined for life (or until divorce)', 'two people who are married to each other', 'the act of marrying; the nuptial ceremony', 'a close and intimate union']	the act of marrying; the nuptial ceremony	None	the act of marrying; the nuptial ceremony	None
ceremony	NOUN	None	['a formal event performed on a special occasion', 'any activity that is performed in an especially solemn elaborate or formal way', 'the proper or conventional behavior on some solemn occasion']	any activity that is performed in an especially solemn elaborate or formal way	None	any activity that is performed in an especially solemn elaborate or formal way	None
.	.	None	UNK	Punctuation	None	Punctuation	None
But	CONJ	None	['and nothing more']	and nothing more	None	UNK	None
to	PRT	None	UNK	UNK	None	UNK	None
his	PRON	None	UNK	UNK	None	UNK	None
great	ADJ	None	['a person who has achieved distinction and honor in some field', 'relatively large in size or number or extent; larger than others of its kind', 'of major significance or importance', 'remarkable or out of the ordinary in degree or magnitude or effect', 'very good', 'uppercase', 'in an advanced stage of pregnancy']	a person who has achieved distinction and honor in some field	None	relatively large in size or number or extent; larger than others of its kind	None
disappointment	NOUN	None	['a feeling of dissatisfaction that results when your expectations are not realized', 'an act (or failure to act) that disappoints someone']	a feeling of dissatisfaction that results when your expectations are not realized	None	a feeling of dissatisfaction that results when your expectations are not realized	None
Hari	NOUN	None	UNK	UNK	None	UNK	None
was	VERB	None	['a state in northwestern United States on the Pacific', 'have the quality of being; (copula, used with an adjective or a predicate noun)', 'be identical to; be someone or something', 'occupy a certain position or area; be somewhere', 'have an existence, be extant', 'happen, occur, take place', 'be identical or equivalent to', 'form or compose', 'work in a specific place, with a specific subject, or in a specific function', 'represent, as of a character on stage', 'spend or use time', 'have life, be alive', 'to remain unmolested, undisturbed, or uninterrupted -- used only in infinitive form', 'be priced at']	be identical or equivalent to	None	be identical to; be someone or something	None
not	ADV	None	['negation of a word or group of words']	negation of a word or group of words	None	negation of a word or group of words	None
even	ADV	None	['the latter part of the day (the period of decreasing daylight from late afternoon until nightfall)', 'make level or straight', 'become even or more even', 'make even or more even', 'divisible by two', 'equal in degree or extent or amount; or equally matched or balanced', 'being level or straight or regular and without variation as e.g. in shape or texture; or being in the same plane or at the same height as something else (i.e. even with)', 'symmetrically arranged', 'occurring at fixed intervals', 'of the score in a contest', 'used as an intensive especially to indicate something unexpected', 'in spite of; notwithstanding', 'to a greater degree or extent; used with comparisons', 'to the full extent']	become even or more even	None	used as an intensive especially to indicate something unexpected	None
invited	VERB	None	['increase the likelihood of', "invite someone to one's house", 'give rise to a desire by being attractive or inviting', 'ask someone in a friendly way to do something', 'have as a guest', 'ask to enter', 'request the participation or presence of', "express willingness to have in one's home or environs"]	invite someone to one's house	None	invite someone to one's house	None
.	.	None	UNK	Punctuation	None	Punctuation	None
Hari	NOUN	None	UNK	UNK	None	UNK	None
,	.	None	UNK	Punctuation	None	Punctuation	None
crest-fallen	NOUN	None	UNK	UNK	None	UNK	None
,	.	None	UNK	Punctuation	None	Punctuation	None
said	VERB	None	['express in words', 'report or maintain', 'express a supposition', 'have or contain a certain wording or form', 'give instructions to or direct somebody to do something with authority', 'speak, pronounce, or utter in a certain way', 'communicate or express nonverbally', 'utter aloud', "state as one's opinion or judgement; declare", 'recite or repeat a fixed text', 'indicate', 'being the one previously mentioned or spoken of']	give instructions to or direct somebody to do something with authority	None	give instructions to or direct somebody to do something with authority	None
to	PRT	None	UNK	UNK	None	UNK	None
himself	PRON	None	UNK	UNK	None	UNK	None
,	.	None	UNK	Punctuation	None	Punctuation	None
*	VERB	None	UNK	UNK	None	UNK	None
This	DET	None	UNK	UNK	None	UNK	None
rich	ADJ	None	['people who have possessions and wealth (considered as a group)', 'possessing material wealth', 'having an abundant supply of desirable qualities or substances (especially natural resources)', 'of great worth or quality', 'marked by great fruitfulness', 'strong; intense', 'very productive', 'high in mineral content; having a high proportion of fuel to air; ,', 'suggestive of or characterized by great expense', 'containing plenty of fat, or eggs, or sugar', 'marked by richness and fullness of flavor', 'pleasantly full and mellow', 'affording an abundant supply']	high in mineral content; having a high proportion of fuel to air; ,	None	high in mineral content; having a high proportion of fuel to air; ,	None
man	NOUN	None	['an adult person who is male (as opposed to a woman)', 'someone who serves in the armed forces; a member of a military force', 'the generic use of the word to refer to any human being', 'any living or extinct member of the family Hominidae characterized by superior intelligence, articulate speech, and erect carriage', 'a male subordinate', 'an adult male person who has a manly character (virile and courageous competent)', 'a manservant who acts as a personal attendant to his employer', 'a male person who plays a significant role (husband or lover or boyfriend) in the life of a particular woman', 'one of the British Isles in the Irish Sea', 'game equipment consisting of an object used in playing certain board games', 'all of the living human inhabitants of the earth', 'take charge of a certain job; occupy a certain work place', 'provide with workers']	an adult person who is male (as opposed to a woman)	None	any living or extinct member of the family Hominidae characterized by superior intelligence, articulate speech, and erect carriage	None
ignored	VERB	None	['refuse to acknowledge', 'bar from attention or consideration', 'fail to notice', 'give little or no attention to', 'be ignorant of or in the dark about', 'disregarded']	refuse to acknowledge	None	refuse to acknowledge	None
me	PRON	None	['a state in New England']	a state in New England	None	UNK	None
only	ADV	None	['being the only one; single and isolated from others', 'exclusive of anyone or anything else', 'and nothing more', 'without any others being included or involved', 'with nevertheless the final result', 'in the final outcome', 'except that', 'never except when', 'as recently as']	being the only one; single and isolated from others	None	and nothing more	None
because	ADP	None	UNK	UNK	None	UNK	None
I	PRON	None	['a nonmetallic element belonging to the halogens; used especially in medicine and photography and in dyes; occurs naturally only in combination in small quantities (as in sea water or rocks)', 'the smallest whole number or a numeral representing this number', 'the 9th letter of the Roman alphabet', 'used of a single unit or thing; not two or more']	a nonmetallic element belonging to the halogens; used especially in medicine and photography and in dyes; occurs naturally only in combination in small quantities (as in sea water or rocks)	None	UNK	None
am	VERB	None	['a radioactive transuranic metallic element; discovered by bombarding uranium with helium atoms', "a master's degree in arts and sciences", 'modulation of the amplitude of the (radio) carrier wave', 'have the quality of being; (copula, used with an adjective or a predicate noun)', 'be identical to; be someone or something', 'occupy a certain position or area; be somewhere', 'have an existence, be extant', 'happen, occur, take place', 'be identical or equivalent to', 'form or compose', 'work in a specific place, with a specific subject, or in a specific function', 'represent, as of a character on stage', 'spend or use time', 'have life, be alive', 'to remain unmolested, undisturbed, or uninterrupted -- used only in infinitive form', 'be priced at']	to remain unmolested, undisturbed, or uninterrupted -- used only in infinitive form	None	to remain unmolested, undisturbed, or uninterrupted -- used only in infinitive form	None
poor	ADJ	None	['people without possessions or wealth (considered as a group)', 'deserving or inciting pity; ; ; - Galsworthy', 'having little money or few possessions', 'characterized by or indicating poverty', 'lacking in specific resources, qualities or substances', 'not sufficient to meet a need', 'unsatisfactory']	not sufficient to meet a need	None	lacking in specific resources, qualities or substances	None
and	CONJ	None	UNK	UNK	None	UNK	None
stupid	ADJ	None	['a person who is not very bright', 'lacking or marked by lack of intellectual acuity', 'in a state of mental numbness especially as resulting from shock', 'lacking intelligence']	a person who is not very bright	None	lacking or marked by lack of intellectual acuity	None
.	.	None	UNK	Punctuation	None	Punctuation	None
It	PRON	None	['the branch of engineering that deals with the use of computers and telecommunications to retrieve and store and transmit information']	the branch of engineering that deals with the use of computers and telecommunications to retrieve and store and transmit information	None	UNK	None
is	VERB	None	['have the quality of being; (copula, used with an adjective or a predicate noun)', 'be identical to; be someone or something', 'occupy a certain position or area; be somewhere', 'have an existence, be extant', 'happen, occur, take place', 'be identical or equivalent to', 'form or compose', 'work in a specific place, with a specific subject, or in a specific function', 'represent, as of a character on stage', 'spend or use time', 'have life, be alive', 'to remain unmolested, undisturbed, or uninterrupted -- used only in infinitive form', 'be priced at']	be identical or equivalent to	None	be identical to; be someone or something	None
not	ADV	None	['negation of a word or group of words']	negation of a word or group of words	None	negation of a word or group of words	None
easy	ADJ	None	['posing no difficulty; requiring little effort', 'not hurried or forced', 'free from worry or anxiety', 'affording pleasure', 'having little impact', 'readily exploited or tricked', 'in fortunate circumstances financially; moderately rich', 'marked by moderate steepness', 'affording comfort', 'casual and unrestrained in sexual behavior', 'less in demand and therefore readily obtainable', 'obtained with little effort or sacrifice, often obtained illegally', "with ease (`easy' is sometimes used informally for `easily')", "without speed (`slow' is sometimes used informally for `slowly')", "in a relaxed manner; or without hardship;  (`soft' is nonstandard)"]	in fortunate circumstances financially; moderately rich	None	in fortunate circumstances financially; moderately rich	None
to	PRT	None	UNK	UNK	None	UNK	None
pretend	VERB	None	['the enactment of a pretense', 'make believe with the intent to deceive', 'behave unnaturally or affectedly', 'put forward a claim and assert right or possession of', 'put forward, of a guess, in spite of possible refutation', 'represent fictitiously, as in a play, or pretend to be or act like', 'state insincerely', 'imagined as in a play']	represent fictitiously, as in a play, or pretend to be or act like	None	represent fictitiously, as in a play, or pretend to be or act like	None
to	PRT	None	UNK	UNK	None	UNK	None
be	VERB	None	['a light strong brittle grey toxic bivalent metallic element', 'have the quality of being; (copula, used with an adjective or a predicate noun)', 'be identical to; be someone or something', 'occupy a certain position or area; be somewhere', 'have an existence, be extant', 'happen, occur, take place', 'be identical or equivalent to', 'form or compose', 'work in a specific place, with a specific subject, or in a specific function', 'represent, as of a character on stage', 'spend or use time', 'have life, be alive', 'to remain unmolested, undisturbed, or uninterrupted -- used only in infinitive form', 'be priced at']	be identical or equivalent to	None	be identical to; be someone or something	None
rich	ADJ	None	['people who have possessions and wealth (considered as a group)', 'possessing material wealth', 'having an abundant supply of desirable qualities or substances (especially natural resources)', 'of great worth or quality', 'marked by great fruitfulness', 'strong; intense', 'very productive', 'high in mineral content; having a high proportion of fuel to air; ,', 'suggestive of or characterized by great expense', 'containing plenty of fat, or eggs, or sugar', 'marked by richness and fullness of flavor', 'pleasantly full and mellow', 'affording an abundant supply']	high in mineral content; having a high proportion of fuel to air; ,	None	high in mineral content; having a high proportion of fuel to air; ,	None
but	CONJ	None	['and nothing more']	and nothing more	None	UNK	None
many	ADJ	None	["a quantifier that can be used with count nouns and is often preceded by `as' or `too' or `so' or `that'; amounting to a large but indefinite number"]	a quantifier that can be used with count nouns and is often preceded by `as' or `too' or `so' or `that'; amounting to a large but indefinite number	None	a quantifier that can be used with count nouns and is often preceded by `as' or `too' or `so' or `that'; amounting to a large but indefinite number	None
persons	NOUN	None	['a human being', 'a human body (usually including the clothing)', 'a grammatical category used in the classification of pronouns, possessive determiners, and verb forms according to whether they indicate the speaker, the addressee, or a third party']	a grammatical category used in the classification of pronouns, possessive determiners, and verb forms according to whether they indicate the speaker, the addressee, or a third party	None	a grammatical category used in the classification of pronouns, possessive determiners, and verb forms according to whether they indicate the speaker, the addressee, or a third party	None
succeed	VERB	None	['attain success or reach a desired goal', 'be the successor (of)']	be the successor (of)	None	be the successor (of)	None
in	ADP	None	['a unit of length equal to one twelfth of a foot', 'a rare soft silvery metallic element; occurs in small quantities in sphalerite', 'a state in midwestern United States', 'holding office', 'directed or bound inward', 'currently fashionable', 'to or toward the inside of']	a unit of length equal to one twelfth of a foot	None	UNK	None
appearing	VERB	None	['formal attendance (in court or at a hearing) of a party in an action', 'give a certain impression or have a certain outward aspect', 'come into sight or view', 'be issued or published', 'seem to be true, probable, or apparent', 'come into being or existence, or appear on the scene', 'appear as a character on stage or appear in a play, etc.', 'present oneself formally, as before a (judicial) authority']	seem to be true, probable, or apparent	None	seem to be true, probable, or apparent	None
to	PRT	None	UNK	UNK	None	UNK	None
be	VERB	None	['a light strong brittle grey toxic bivalent metallic element', 'have the quality of being; (copula, used with an adjective or a predicate noun)', 'be identical to; be someone or something', 'occupy a certain position or area; be somewhere', 'have an existence, be extant', 'happen, occur, take place', 'be identical or equivalent to', 'form or compose', 'work in a specific place, with a specific subject, or in a specific function', 'represent, as of a character on stage', 'spend or use time', 'have life, be alive', 'to remain unmolested, undisturbed, or uninterrupted -- used only in infinitive form', 'be priced at']	be identical or equivalent to	None	be identical to; be someone or something	None
clever	ADV	None	['showing self-interest and shrewdness in dealing with others', 'mentally quick and resourceful; ; -Bram Stoker', 'showing inventiveness and skill']	showing self-interest and shrewdness in dealing with others	None	UNK	None
.	.	None	UNK	Punctuation	None	Punctuation	None
Let	VERB	None	['a brutal terrorist group active in Kashmir; fights against India with the goal of restoring Islamic rule of India', "a serve that strikes the net before falling into the receiver's court; the ball must be served again", 'make it possible through a specific action or lack of action for something to happen', 'actively cause something to happen', 'consent to, give permission', 'cause to move; cause to be in a certain position or condition', 'leave unchanged', 'grant use or occupation of under a term of contract']	a brutal terrorist group active in Kashmir; fights against India with the goal of restoring Islamic rule of India	None	UNK	None
me	PRON	None	['a state in New England']	a state in New England	None	UNK	None
do	VERB	None	['an uproarious party', 'the syllable naming the first (tonic) note of any major scale in solmization', "doctor's degree in osteopathy", 'engage in', 'carry out or perform an action', 'get (something) done', 'proceed or get along', 'give rise to; cause to happen or occur, not always intentionally', 'carry out or practice; as of jobs and professions', 'be sufficient; be adequate, either in quality or quantity', 'create or design, often in a certain way', 'behave in a certain manner; show a certain behavior; conduct or comport oneself', 'spend time in prison or in a labor camp', 'carry on or function', 'arrange attractively', 'travel or traverse (a distance)']	the syllable naming the first (tonic) note of any major scale in solmization	None	engage in	None
the	DET	None	UNK	UNK	None	UNK	None
same	ADJ	None	['a member of an indigenous nomadic people living in northern Scandinavia and herding reindeer', 'the language of nomadic Lapps in northern Scandinavia and the Kola Peninsula', 'same in identity', 'closely similar or comparable in kind or quality or quantity or degree', 'equal in amount or value', 'unchanged in character or nature']	the language of nomadic Lapps in northern Scandinavia and the Kola Peninsula	None	same in identity	None
.	.	None	UNK	Punctuation	None	Punctuation	None
"	NOUN	None	UNK	UNK	None	UNK	None
That	DET	None	UNK	UNK	None	UNK	None
night	NOUN	None	['the time after sunset and before sunrise while it is dark outside', 'a period of ignorance or backwardness or gloom', 'the period spent sleeping', 'the dark part of the diurnal cycle considered a time unit', 'darkness', 'a shortening of nightfall', 'the time between sunset and midnight', 'Roman goddess of night; daughter of Erebus; counterpart of Greek Nyx']	the period spent sleeping	None	the period spent sleeping	None
when	ADV	None	UNK	UNK	None	UNK	None
everyone	NOUN	None	UNK	UNK	None	UNK	None
